"","trial","date.start","date.end","days","treatment","channel","chamber","species","mean_temp_C","AFDM_beg_mg","AFDM_end_mg","consumption.rate.mg.day","mean_microbe_consumption","consumption.bug.mg.day.mcorr","consumption.bug.mg.day.mcorr.modmasscorr","consumption.bug.mg.day.modmasscorr"
"1","CT1",2019-03-12,2019-03-20,8,2,"2A","A004","A",11.0764583333333,42.2023615000001,27.1000000000001,1.88779518749999,1.29812330833333,0.58967187916666,0.0738836898937043,0.23653370483461
"2","CT1",2019-03-12,2019-03-20,8,2,"2A","A005","A",11.0764583333333,50.9569953,34.3,2.0821244125,1.29812330833333,0.784001104166671,0.133248289531268,0.353876435992799
"3","CT1",2019-03-12,2019-03-20,8,2,"2A","A006","A",11.0764583333333,43.8569454,27.2999999999999,2.06961817500002,1.29812330833333,0.771494866666685,0.0908407996220848,0.243690240923699
"4","CT1",2019-03-12,2019-03-20,8,2,"2A","A009","A",11.0764583333333,51.3968214000001,24.4,3.37460267500001,1.29812330833333,2.07647936666668,0.192641481734716,0.313072438866325
"5","CT1",2019-03-12,2019-03-20,8,2,"2A","A010","A",11.0764583333333,54.4337159,34.9999999999999,2.42921448750002,1.29812330833333,1.13109117916668,0.111315490042893,0.239069321798247
"6","CT1",2019-03-12,2019-03-20,8,0,"0C","A013","A",9.41552777777778,37.8878769,28.3,1.1984846125,0.695189524999995,0.503295087500008,0.0793809473603912,0.189027960534385
"7","CT1",2019-03-12,2019-03-20,8,0,"0C","A014","A",9.41552777777778,36.1704607,25.0999999999999,1.38380758750001,0.695189524999995,0.688618062500014,0.0785221149599348,0.157793564219939
"8","CT1",2019-03-12,2019-03-20,8,0,"0C","A015","A",9.41552777777778,26.389566,18,1.04869574999999,0.695189524999995,0.353506225,0.0557768625761522,0.16546514486964
"9","CT1",2019-03-12,2019-03-20,8,4,"4D","A023","A",12.9171967592593,23.8134417,20.3000000000001,0.439180212499991,0.535808577777772,-0.0966283652777804,-0.0114630954172425,0.0521002778716145
"10","CT1",2019-03-12,2019-03-20,8,4,"4D","A024","A",12.9171967592593,23.6877771,22,0.210972137500002,0.535808577777772,-0.324836440277769,-0.0608593871230926,0.039526461308712
"11","CT1",2019-03-12,2019-03-20,8,4,"4D","A025","A",12.9171967592593,38.8303614,34.8000000000002,0.503795174999979,0.535808577777772,-0.0320134027777925,-0.00393691411996152,0.0619552489247339
"12","CT1",2019-03-12,2019-03-20,8,4,"4D","A026","A",12.9171967592593,30.3061127,29,0.163264087499998,0.535808577777772,-0.372544490277773,-0.048988811805739,0.0214688818809523
"13","CT1",2019-03-12,2019-03-20,8,3,"3D","A033","A",12.0110925925926,30.1385599,19.4000000000001,1.34231998749999,0.42280961666666,0.919510370833327,0.0927228884937827,0.135358763176471
"14","CT1",2019-03-12,2019-03-20,8,3,"3D","A034","A",12.0110925925926,34.0551066,21.7999999999999,1.531888325,0.42280961666666,1.10907870833334,0.137859926277543,0.19041571167414
"15","CT1",2019-03-12,2019-03-20,8,3,"3D","A035","A",12.0110925925926,25.2376405,14.9,1.2922050625,0.42280961666666,0.869395445833338,0.134274368569218,0.199575486230918
"16","CT1",2019-03-12,2019-03-20,8,3,"3D","A036","A",12.0110925925926,25.551802,15.6000000000001,1.24397525,0.42280961666666,0.821165633333336,0.0966237076346579,0.146374246536397
"17","CT1",2019-03-12,2019-03-20,8,0,"0A","A043","A",9.3579212962963,25.9497399,18.2,0.968717487499998,0.695189524999995,0.273527962500003,0.0385643546996049,0.136578229334266
"18","CT1",2019-03-12,2019-03-20,8,0,"0A","A044","A",9.3579212962963,20.4414416,15.9999999999999,0.555180200000009,0.695189524999995,-0.140009324999985,-0.0133655884937552,0.0529986848596094
"19","CT1",2019-03-12,2019-03-20,8,0,"0A","A045","A",9.3579212962963,24.2323237,14.5,1.2165404625,0.695189524999995,0.521350937500008,0.0661235183546567,0.154295177806792
"20","CT1",2019-03-12,2019-03-20,8,0,"0A","A046","A",9.3579212962963,27.9184853,18.4,1.1898106625,0.695189524999995,0.494621137500008,0.0725874928048003,0.174609142948915
"21","CT1",2019-03-12,2019-03-20,8,0,"0D","A053","A",9.33682407407407,34.6624855,27.9,0.8453106875,0.695189524999995,0.150121162500006,0.0169071561524249,0.0952017660459807
"22","CT1",2019-03-12,2019-03-20,8,0,"0D","A054","A",9.33682407407407,35.4793054,22.4,1.634913175,0.695189524999995,0.939723650000007,0.137302565692423,0.238876369251582
"23","CT1",2019-03-12,2019-03-20,8,0,"0D","A055","A",9.33682407407407,20.4414416,14.8999999999999,0.692680200000014,0.695189524999995,-0.0025093249999808,-0.000531620996053309,0.146749957806673
"24","CT1",2019-03-12,2019-03-20,8,2,"2B","A063","A",11.1353611111111,19.5199012,13.9,0.702487649999996,1.29812330833333,-0.595635658333335,-0.076769806043612,0.090541658955468
"25","CT1",2019-03-12,2019-03-20,8,2,"2B","A064","A",11.1353611111111,20.6508826,17.3000000000001,0.418860324999989,1.29812330833333,-0.879262983333342,-0.107313000739852,0.0511214041971984
"26","CT1",2019-03-12,2019-03-20,8,2,"2B","A065","A",11.1353611111111,19.9178391,9.59999999999994,1.28972988750001,1.29812330833333,-0.00839342083331873,-0.00141503147472682,0.217433204047603
"27","CT1",2019-03-12,2019-03-20,8,2,"2B","A066","A",11.1353611111111,22.5358516,17.3000000000001,0.654481449999986,1.29812330833333,-0.643641858333345,-0.0596194889592967,0.0606235425448824
"28","CT1",2019-03-12,2019-03-20,8,3,"3A","A073","A",11.9991203703704,26.180125,16.6000000000001,1.19751562499999,0.42280961666666,0.774706008333332,0.112613400087305,0.174074171025273
"29","CT1",2019-03-12,2019-03-20,8,3,"3A","A074","A",11.9991203703704,19.3732925,6.70000000000004,1.5841615625,0.42280961666666,1.16135194583334,0.14450757265483,0.197117973506035
"30","CT1",2019-03-12,2019-03-20,8,3,"3A","A075","A",11.9991203703704,29.112299,19.3,1.226537375,0.42280961666666,0.803727758333342,0.106967506671835,0.163238912036124
"31","CT1",2019-03-12,2019-03-20,8,3,"3A","A076","A",11.9991203703704,27.6252679,19.9,0.965658487499994,0.42280961666666,0.542848870833334,0.0592166766579485,0.105338869598289
"32","CT1",2019-03-12,2019-03-20,8,2,"2C","A083","A",10.9445578703704,45.4696411,33.9999999999998,1.43370513750002,1.29812330833333,0.135581829166688,0.0197880403642074,0.209247915488311
"33","CT1",2019-03-12,2019-03-20,8,2,"2C","A084","A",10.9445578703704,44.9041504,37.3999999999999,0.938018800000019,1.29812330833333,-0.360104508333312,-0.0566259476002216,0.147502189469007
"34","CT1",2019-03-12,2019-03-20,8,2,"2C","A085","A",10.9445578703704,39.2073552,30.6,1.07591940000001,1.29812330833333,-0.222203908333325,-0.0213397560825103,0.103327874530448
"35","CT1",2019-03-12,2019-03-20,8,2,"2C","A086","A",10.9445578703704,37.0082247,24.8000000000002,1.52602808749998,1.29812330833333,0.227904779166652,0.0252346772926728,0.168968928464013
"36","CT1",2019-03-12,2019-03-21,9,1,"1A","A093","A",10.378325,33.1126221,18.9,1.57918023333333,0.466175610763885,1.11300462256944,0.178264061615659,0.252928942709399
"37","CT1",2019-03-12,2019-03-21,9,1,"1A","A094","A",10.378325,25.9078517,16.9999999999999,0.989761300000009,0.466175610763885,0.523585689236124,0.0819228714285593,0.154863070919988
"38","CT1",2019-03-12,2019-03-21,9,1,"1A","A095","A",10.378325,26.2010691,13.7,1.38900767777777,0.466175610763885,0.922832067013887,0.145535346230549,0.219053629070778
"39","CT1",2019-03-12,2019-03-21,9,1,"1A","A096","A",10.378325,21.6352553,12.4,1.02613947777778,0.466175610763885,0.559963867013896,0.058193999993573,0.106641096472254
"40","CT1",2019-03-12,2019-03-20,8,4,"4C","A103","A",12.8358680555556,22.9966218,17.1,0.737077725000002,0.535808577777772,0.201269147222231,0.0223225363963673,0.0817484675139859
"41","CT1",2019-03-12,2019-03-20,8,4,"4C","A104","A",12.8358680555556,22.5777398,14.5999999999999,0.99721747500001,0.535808577777772,0.461408897222238,0.0586026830480799,0.126654730693857
"42","CT1",2019-03-12,2019-03-20,8,4,"4C","A105","A",12.8358680555556,25.970684,20.5,0.683835500000007,0.535808577777772,0.148026922222235,0.0231462878713707,0.10692820672107
"43","CT1",2019-03-12,2019-03-20,8,4,"4C","A106","A",12.8358680555556,20.1691683,15.3000000000001,0.60864603749999,0.535808577777772,0.0728374597222181,0.0102915835298234,0.0859987643571876
"44","CT1",2019-03-12,2019-03-21,9,1,"1B","A113","A",10.1488875,37.8250446,23.1000000000001,1.63611606666665,0.466175610763885,1.16994045590277,0.128908930200044,0.180274107774448
"45","CT1",2019-03-12,2019-03-21,9,1,"1B","A114","A",10.1488875,26.0754045,17.5000000000001,0.952822722222216,0.466175610763885,0.486647111458331,0.066748792414854,0.130689702242715
"46","CT1",2019-03-12,2019-03-21,9,1,"1B","A115","A",10.1488875,29.32174,21.5000000000001,0.869082222222217,0.466175610763885,0.402906611458332,0.0508249088474669,0.109630925552499
"47","CT1",2019-03-12,2019-03-21,9,1,"1B","A116","A",10.1488875,29.2798518,18.4,1.20887242222222,0.466175610763885,0.742696811458339,0.103754263924907,0.168878695063338
"48","CT1",2019-03-12,2019-03-21,9,1,"1C","A123","A",10.30695,36.2961253,16.3000000000001,2.22179169999999,0.466175610763885,1.75561608923611,0.298244156574525,0.377438094645794
"49","CT1",2019-03-12,2019-03-21,9,1,"1C","A124","A",10.30695,24.0438268,16.4,0.849314088888892,0.466175610763885,0.383138478125008,0.0398953025988336,0.0884370652185441
"50","CT1",2019-03-12,2019-03-21,9,1,"1C","A125","A",10.30695,25.0910318,16.2999999999999,0.976781311111128,0.466175610763885,0.510605700347244,0.0807985732014068,0.154566500557879
"51","CT1",2019-03-12,2019-03-21,9,1,"1C","A126","A",10.30695,25.1538641,15.3,1.09487378888889,0.466175610763885,0.628698178125009,0.101538447777069,0.176828546516753
"52","CT1",2019-03-12,2019-03-21,9,3,"3B","A133","A",11.9828729166667,39.584349,29.0999999999999,1.16492766666668,0.42280961666666,0.742118050000019,0.105146085536561,0.165051347401183
"53","CT1",2019-03-12,2019-03-21,9,3,"3B","A134","A",11.9828729166667,33.1545103,20.8,1.37272336666666,0.42280961666666,0.94991375,0.160625535445095,0.232120469662457
"54","CT1",2019-03-12,2019-03-21,9,3,"3B","A135","A",11.9828729166667,24.7768703,15.3,1.05298558888889,0.42280961666666,0.630175972222228,0.0786150740206434,0.131360990678931
"55","CT1",2019-03-12,2019-03-21,9,3,"3B","A136","A",11.9828729166667,38.2648707,19.5000000000001,2.08498563333333,0.42280961666666,1.66217601666667,0.239825400075178,0.300830061709066
"56","CT1",2019-03-12,2019-03-21,9,4,"4B","A143","A",12.9893083333333,27.7928207,15.1,1.41031341111111,0.535808577777772,0.87450483333334,0.114206815454848,0.184181261597291
"57","CT1",2019-03-12,2019-03-21,9,4,"4B","A144","A",12.9893083333333,29.8453425,28.1,0.193926944444444,0.535808577777772,-0.341881633333327,-0.0494542581885201,0.0280521450853015
"58","CT1",2019-03-12,2019-03-21,9,4,"4B","A145","A",12.9893083333333,29.5102369,18.9,1.17891521111111,0.535808577777772,0.643106633333337,0.090591264713198,0.166067980687155
"59","CT1",2019-03-13,2019-03-21,8,4,"4B","A146","A",12.8954675925926,28.7562493,8.79999999999992,2.49453116250001,0.535808577777772,1.95872258472224,0.262925757832141,0.334849100863977
"60","CT1",2019-03-13,2019-03-21,8,0,"0B","A153","A",9.28077546296296,21.2792056,11.3000000000001,1.24740069999999,0.695189524999995,0.552211174999998,0.064712733872183,0.146180869177583
"61","CT1",2019-03-13,2019-03-21,8,0,"0B","A154","A",9.28077546296296,1.2357019,17.2999999999999,-2.00803726249998,0.695189524999995,-2.70322678749998,-0.324983286158963,-0.241407251257826
"62","CT1",2019-03-13,2019-03-21,8,0,"0B","A155","A",9.28077546296296,27.5205474,19.2,1.04006842500001,0.695189524999995,0.34487890000001,0.0331420283051663,0.0999480605530197
"63","CT1",2019-03-13,2019-03-21,8,0,"0B","A156","A",9.28077546296296,23.457392,16.9000000000001,0.81967399999998,0.695189524999995,0.124484474999985,0.0106179150641165,0.0699141713234959
"64","CT1",2019-03-13,2019-03-21,8,3,"3C","A163","A",11.8627800925926,31.6046469,21.6000000000001,1.25058086249999,0.42280961666666,0.827771245833333,0.0820126070924218,0.123903067942716
"65","CT1",2019-03-13,2019-03-21,8,3,"3C","A164","A",11.8627800925926,35.4793054,22.1,1.672413175,0.42280961666666,1.24960355833334,0.136267957383136,0.182374902614596
"66","CT1",2019-03-13,2019-03-21,8,3,"3C","A165","A",11.8627800925926,28.0441499,23.9,0.518018737499993,0.42280961666666,0.0952091208333333,0.00739887842553823,0.0402562026344369
"67","CT1",2019-03-13,2019-03-21,8,3,"3C","A166","A",11.8627800925926,36.4846222,20.6,1.98557777500001,0.42280961666666,1.56276815833335,0.22477640689436,0.285590050893908
"68","CT1",2019-03-13,2019-03-21,8,4,"4A","A173","A",12.7713263888889,61.1986602,42.6000000000002,2.32483252499998,0.535808577777772,1.7890239472222,0.225016161326697,0.292407986665129
"69","CT1",2019-03-13,2019-03-21,8,4,"4A","A174","A",12.7713263888889,40.3173925,38.6,0.214674062500001,0.535808577777772,-0.32113451527777,-0.0405881936487923,0.0271326562720495
"70","CT1",2019-03-13,2019-03-21,8,4,"4A","A175","A",12.7713263888889,49.9726226,41.4,1.071577825,0.535808577777772,0.535769247222233,0.0615673676620593,0.123139254954138
"71","CT1",2019-03-13,2019-03-21,8,4,"4A","A176","A",12.7713263888889,54.1614426,35.6000000000001,2.32018032499999,0.535808577777772,1.78437174722222,0.241396764926891,0.31388303775484
"72","CT1",2019-03-13,2019-03-21,8,2,"2D","A183","A",10.9487592592593,10.053168,26.3,-2.030854,1.29812330833333,-3.32897730833333,-0.354865670501769,-0.216487016777538
"73","CT1",2019-03-13,2019-03-21,8,2,"2D","A184","A",10.9487592592593,32.2120258,20,1.526503225,1.29812330833333,0.228379916666665,0.0163754897248618,0.109454623860122
"74","CT1",2019-03-13,2019-03-21,8,2,"2D","A185","A",10.9487592592593,27.436771,19.3999999999999,1.00459637500002,1.29812330833333,-0.293526933333314,-0.031330768452337,0.107229602598142
"75","CT1",2019-03-13,2019-03-21,8,2,"2D","A186","A",10.9487592592593,27.9184853,18.9000000000001,1.12731066249998,1.29812330833333,-0.170812645833349,-0.0221006832147707,0.145857677661949
"76","CT1",2019-03-13,2019-03-21,8,1,"1D","A193","A",10.1606574074074,38.4952558,31.9,0.824406975,0.466175610763885,0.358231364236115,0.0404262908386766,0.0930340541561761
"77","CT1",2019-03-13,2019-03-21,8,1,"1D","A194","A",10.1606574074074,38.4743117,34.2,0.534288962500004,0.466175610763885,0.0681133517361197,0.00650429799622585,0.0510204613283114
"78","CT1",2019-03-13,2019-03-21,8,1,"1D","A195","A",10.1606574074074,32.3167463,21.5000000000001,1.35209328749999,0.466175610763885,0.885917676736109,0.141692954041843,0.216252702792708
"79","CT1",2019-03-13,2019-03-21,8,1,"1D","A196","A",10.1606574074074,29.4055164,17.6999999999999,1.46318955,0.466175610763885,0.997013939236119,0.113231113533895,0.166174790078258
"80","CT1",2019-03-12,2019-03-20,8,2,"2A","R003","R",11.0764583333333,110.2889733,69.1999999999999,5.13612166250001,3.57925000312501,1.556871659375,0.205740611057141,0.678738547871556
"81","CT1",2019-03-12,2019-03-20,8,2,"2A","R004","R",11.0764583333333,79.6109828999999,55.6000000000001,3.00137286249998,3.57925000312501,-0.577877140625027,-0.0754290379539015,0.391762628496532
"82","CT1",2019-03-12,2019-03-20,8,2,"2A","R005","R",11.0764583333333,89.876925,55.1000000000002,4.34711562499999,3.57925000312501,0.76786562187498,0.0942672213600816,0.533674772285173
"83","CT1",2019-03-12,2019-03-20,8,2,"2A","R006","R",11.0764583333333,114.4832298,64.2,6.28540372499999,3.57925000312501,2.70615372187499,0.336262016672452,0.781013478681709
"84","CT1",2019-03-12,2019-03-20,8,2,"2A","R007","R",11.0764583333333,83.2460052,53.6999999999999,3.69325065000001,3.57925000312501,0.114000646875008,0.0161252528920399,0.522405813979614
"85","CT1",2019-03-12,2019-03-20,8,2,"2A","R008","R",11.0764583333333,118.4378145,84.7,4.2172268125,3.57925000312501,0.637976809374992,0.0682536690534291,0.451178160324687
"86","CT1",2019-03-12,2019-03-20,8,2,"2A","R009","R",11.0764583333333,145.800345,84.8,7.625043125,3.57925000312501,4.045793121875,0.541325352043961,1.02022743863831
"87","CT1",2019-03-12,2019-03-20,8,2,"2A","R010","R",11.0764583333333,111.3275511,66.4,5.61594388750001,3.57925000312501,2.036693884375,0.215057549927495,0.592995904903336
"88","CT1",2019-03-12,2019-03-20,8,0,"0C","R013","R",9.41552777777778,44.7786813,27.2999999999999,2.18483516250002,3.076214075,-0.891378912499985,-0.115453073743019,0.282983960687381
"89","CT1",2019-03-12,2019-03-20,8,0,"0C","R014","R",9.41552777777778,90.276378,57.8000000000001,4.05954724999999,3.076214075,0.983333174999986,0.153011868846171,0.63168713024641
"90","CT1",2019-03-12,2019-03-20,8,0,"0C","R015","R",9.41552777777778,58.7994816,37.4999999999999,2.66243520000002,3.076214075,-0.413778874999987,-0.0621493886477972,0.399896490593876
"91","CT1",2019-03-12,2019-03-20,8,0,"0C","R016","R",9.41552777777778,107.9721459,70.2999999999998,4.70901823750002,3.076214075,1.63280416250002,0.241298389142684,0.69590618473957
"92","CT1",2019-03-12,2019-03-20,8,4,"4D","R023","R",12.9171967592593,107.7324741,73.4999999999999,4.27905926250003,2.23314642534722,2.04591283715281,0.32268643836102,0.674903821842893
"93","CT1",2019-03-12,2019-03-20,8,4,"4D","R024","R",12.9171967592593,129.4627173,80.9,6.07033966250001,2.23314642534722,3.83719323715279,0.606351729569463,0.959232628107657
"94","CT1",2019-03-12,2019-03-20,8,4,"4D","R025","R",12.9171967592593,112.7256366,85.1000000000002,3.45320457499998,2.23314642534722,1.22005814965276,0.14010733283122,0.396554281336111
"95","CT1",2019-03-12,2019-03-20,8,4,"4D","R026","R",12.9171967592593,109.9694109,71.9,4.75867636250001,2.23314642534722,2.52552993715279,0.221881960648313,0.41807639096634
"96","CT1",2019-03-12,2019-03-20,8,3,"3D","R033","R",12.0110925925926,108.6911613,67.8000000000001,5.11139516249999,3.19753637708334,1.91385878541665,0.175354404027089,0.468323817460756
"97","CT1",2019-03-12,2019-03-20,8,3,"3D","R034","R",12.0110925925926,50.2911327,30,2.5363915875,3.19753637708334,-0.661144789583334,-0.0670570034404809,0.257255025055228
"98","CT1",2019-03-12,2019-03-20,8,3,"3D","R035","R",12.0110925925926,96.7075712999999,59.1000000000002,4.70094641249997,3.19753637708334,1.50341003541663,0.188045119673742,0.587989976050298
"99","CT1",2019-03-12,2019-03-20,8,3,"3D","R036","R",12.0110925925926,51.8090541000001,31.7000000000001,2.5136317625,3.19753637708334,-0.683904614583337,-0.0930179438628312,0.341879339882072
"100","CT1",2019-03-12,2019-03-20,8,0,"0A","R043","R",9.3579212962963,65.5901826,44.4,2.648772825,3.076214075,-0.427441250000007,-0.0582403041413634,0.360904182573337
"101","CT1",2019-03-12,2019-03-20,8,0,"0A","R044","R",9.3579212962963,59.6383329,36,2.9547916125,3.076214075,-0.121422462500008,-0.0134043203813462,0.326191485649221
"102","CT1",2019-03-12,2019-03-20,8,0,"0A","R045","R",9.3579212962963,63.4730817000001,42.4999999999999,2.62163521250003,3.076214075,-0.454578862499975,-0.0589814164147178,0.340156067322553
"103","CT1",2019-03-12,2019-03-20,8,0,"0A","R046","R",9.3579212962963,54.9647328000001,37.4999999999999,2.18309160000003,3.076214075,-0.893122474999978,-0.142306517230296,0.347844972091566
"104","CT1",2019-03-12,2019-03-20,8,0,"0D","R054","R",9.33682407407407,90.3962139,55.3999999999999,4.37452673750001,3.076214075,1.29831266250001,0.217035957272721,0.731279625864714
"105","CT1",2019-03-12,2019-03-20,8,0,"0D","R055","R",9.33682407407407,97.5464226,68.7,3.605802825,3.076214075,0.529588749999996,0.0538178733107656,0.366428931164894
"106","CT1",2019-03-12,2019-03-20,8,2,"2B","R063","R",11.1353611111111,67.8670647,55.3999999999999,1.55838308750001,3.57925000312501,-2.02086691562499,-0.360463220889396,0.277969708324948
"107","CT1",2019-03-12,2019-03-20,8,2,"2B","R064","R",11.1353611111111,103.458327,69.7,4.21979087500001,3.57925000312501,0.640540871875,0.0836967850318127,0.551382347718481
"108","CT1",2019-03-12,2019-03-20,8,2,"2B","R065","R",11.1353611111111,122.8317975,80.9,5.2414746875,3.57925000312501,1.66222468437499,0.209796268581354,0.66154825014802
"109","CT1",2019-03-12,2019-03-20,8,2,"2B","R066","R",11.1353611111111,101.9803509,66.8,4.39754386250001,3.57925000312501,0.818293859375002,0.104220510879424,0.560085185430183
"110","CT1",2019-03-12,2019-03-20,8,3,"3A","R073","R",11.9991203703704,128.1844677,74.4,6.7230584625,3.19753637708334,3.52552208541666,0.309641958077606,0.590477363681779
"111","CT1",2019-03-12,2019-03-20,8,3,"3A","R074","R",11.9991203703704,89.1179642999999,61.9000000000001,3.40224553749998,3.19753637708334,0.204709160416648,0.0228253200237813,0.379354509758438
"112","CT1",2019-03-12,2019-03-20,8,3,"3A","R075","R",11.9991203703704,96.0684465000001,60.2,4.4835558125,3.19753637708334,1.28601943541667,0.185240845892222,0.645820466191787
"113","CT1",2019-03-12,2019-03-20,8,3,"3A","R076","R",11.9991203703704,98.1855473999999,55.0999999999999,5.385693425,3.19753637708334,2.18815704791666,0.302557070361887,0.744681295196201
"114","CT1",2019-03-12,2019-03-20,8,2,"2C","R083","R",10.9445578703704,107.1732399,69.4000000000001,4.72165498749998,3.57925000312501,1.14240498437498,0.119414070872476,0.4935483046944
"115","CT1",2019-03-12,2019-03-20,8,2,"2C","R084","R",10.9445578703704,82.0476462,54.7,3.418455775,3.57925000312501,-0.160794228125003,-0.0298026829401726,0.633599568811175
"116","CT1",2019-03-12,2019-03-20,8,2,"2C","R085","R",10.9445578703704,96.5477901,66.6,3.7434737625,3.57925000312501,0.164223759374996,0.0192125259396171,0.437948729465376
"117","CT1",2019-03-12,2019-03-20,8,2,"2C","R086","R",10.9445578703704,157.2247008,98.1000000000001,7.3905876,3.57925000312501,3.81133759687499,0.504738622052384,0.978741690171977
"118","CT1",2019-03-12,2019-03-21,9,1,"1A","R093","R",10.378325,111.8068947,72.3,4.38965496666667,2.99119781111112,1.39845715555555,0.235925462508967,0.740552811469012
"119","CT1",2019-03-12,2019-03-21,9,1,"1A","R094","R",10.378325,107.9322006,72.1000000000001,3.98135562222222,2.99119781111112,0.9901578111111,0.135761932920531,0.545889280326308
"120","CT1",2019-03-12,2019-03-21,9,1,"1A","R095","R",10.378325,92.5133147999999,66.7,2.86814608888888,2.99119781111112,-0.123051722222233,-0.0210990970218446,0.491787449289
"121","CT1",2019-03-12,2019-03-21,9,1,"1A","R096","R",10.378325,64.9111125,43.1,2.42345694444444,2.99119781111112,-0.567740866666672,-0.0774267571060933,0.33050362094991
"122","CT1",2019-03-12,2019-03-20,8,4,"4C","R103","R",12.8358680555556,75.0172734,47.4000000000001,3.45215917499999,2.23314642534722,1.21901274965276,0.213220879014619,0.603826673676341
"123","CT1",2019-03-12,2019-03-20,8,4,"4C","R104","R",12.8358680555556,81.2087949,51.2000000000001,3.75109936249999,2.23314642534722,1.51795293715276,0.166741162032066,0.412043516826139
"124","CT1",2019-03-12,2019-03-20,8,4,"4C","R105","R",12.8358680555556,132.8181225,81.9000000000001,6.36476531249998,2.23314642534722,4.13161888715275,0.581038949046279,0.895091403420741
"125","CT1",2019-03-12,2019-03-20,8,4,"4C","R106","R",12.8358680555556,95.3494311,66.5,3.6061788875,2.23314642534722,1.37303246215277,0.165123141146277,0.433685001522658
"126","CT1",2019-03-12,2019-03-21,9,1,"1B","R113","R",10.1488875,105.1759749,61.2000000000001,4.88621943333331,2.99119781111112,1.89502162222219,0.247220788817131,0.637446564449077
"127","CT1",2019-03-12,2019-03-21,9,1,"1B","R114","R",10.1488875,101.061609,66.1999999999999,3.87351211111112,2.99119781111112,0.882314300000008,0.147992809566345,0.649713985382073
"128","CT1",2019-03-12,2019-03-21,9,1,"1B","R115","R",10.1488875,93.7516191000001,56.5000000000002,4.13906878888887,2.99119781111112,1.14787097777776,0.143446591904617,0.517249170786017
"129","CT1",2019-03-12,2019-03-21,9,1,"1B","R116","R",10.1488875,79.7308188,56.8,2.54786875555556,2.99119781111112,-0.443329055555556,-0.066382507286101,0.381508755427155
"130","CT1",2019-03-12,2019-03-21,9,1,"1C","R123","R",10.30695,129.9021156,77.1999999999999,5.85579062222224,2.99119781111112,2.86459281111112,0.449557490046444,0.918983851440523
"131","CT1",2019-03-12,2019-03-21,9,1,"1C","R124","R",10.30695,100.8219372,66.2,3.84688191111111,2.99119781111112,0.855684099999991,0.108961777360554,0.4898572853356
"132","CT1",2019-03-12,2019-03-21,9,1,"1C","R125","R",10.30695,147.1584852,90.9,6.25094280000001,2.99119781111112,3.25974498888889,0.353860357618827,0.678568680127582
"133","CT1",2019-03-12,2019-03-21,9,1,"1C","R126","R",10.30695,119.7560094,66.1000000000001,5.96177882222222,2.99119781111112,2.9705810111111,0.365869413331529,0.734278079587845
"134","CT1",2019-03-12,2019-03-21,9,3,"3B","R133","R",11.9828729166667,99.463797,64.3,3.90708855555555,3.19753637708334,0.709552178472212,0.0884253204148724,0.486906485380921
"135","CT1",2019-03-12,2019-03-21,9,3,"3B","R134","R",11.9828729166667,67.7472288,60.9,0.760803200000004,3.19753637708334,-2.43673317708333,-0.228127492699824,0.0712265618928979
"136","CT1",2019-03-12,2019-03-21,9,3,"3B","R135","R",11.9828729166667,80.5696701,55.3000000000001,2.80774112222221,3.19753637708334,-0.389795254861129,-0.0480585956783083,0.346171723948539
"137","CT1",2019-03-12,2019-03-21,9,3,"3B","R136","R",11.9828729166667,112.4460195,73.5000000000001,4.32733549999998,3.19753637708334,1.12979912291664,0.149223608478265,0.571553478231667
"138","CT1",2019-03-12,2019-03-21,9,4,"4B","R143","R",12.9893083333333,95.9885559,60.9999999999999,3.88761732222223,2.23314642534722,1.654470896875,0.142234076631656,0.334216613400655
"139","CT1",2019-03-12,2019-03-21,9,4,"4B","R144","R",12.9893083333333,145.400892,95.8000000000001,5.51121022222221,2.23314642534722,3.27806379687499,0.366519135222026,0.616206434603661
"140","CT1",2019-03-12,2019-03-21,9,4,"4B","R145","R",12.9893083333333,132.0591618,84.0000000000001,5.33990686666667,2.23314642534722,3.10676044131945,NA,NA
"141","CT1",2019-03-12,2019-03-21,9,4,"4B","R146","R",12.9893083333333,121.1540949,76.0000000000001,5.01712165555554,2.23314642534722,2.78397523020832,0.320167950836462,0.576988452385137
"142","CT1",2019-03-13,2019-03-21,8,0,"0B","R153","R",9.28077546296296,134.3759892,89.2000000000001,5.64699865,3.076214075,2.57078457499999,0.329951220014377,0.724772550802723
"143","CT1",2019-03-13,2019-03-21,8,0,"0B","R154","R",9.28077546296296,104.5368501,70.7,4.2296062625,3.076214075,1.1533921875,0.117323526788249,0.430237285305148
"144","CT1",2019-03-13,2019-03-21,8,0,"0B","R155","R",9.28077546296296,135.4944576,62.2,9.16180719999999,3.076214075,6.08559312499999,0.703338658208121,1.05887019563266
"145","CT1",2019-03-13,2019-03-21,8,0,"0B","R156","R",9.28077546296296,120.9943137,83.3999999999999,4.69928921250002,3.076214075,1.62307513750001,0.103711168821716,0.300274932194663
"146","CT1",2019-03-13,2019-03-21,8,3,"3C","R163","R",11.8627800925926,113.4047067,71.6000000000001,5.22558833749998,3.19753637708334,2.02805196041664,0.262769374683259,0.677065778686907
"147","CT1",2019-03-13,2019-03-21,8,3,"3C","R164","R",11.8627800925926,92.8328772,60.6000000000001,4.02910964999999,3.19753637708334,0.831573272916649,0.0756491647755626,0.366532679366439
"148","CT1",2019-03-13,2019-03-21,8,3,"3C","R165","R",11.8627800925926,101.6607885,67.2999999999999,4.29509856250002,3.19753637708334,1.09756218541668,0.12160801854728,0.475889596590469
"149","CT1",2019-03-13,2019-03-21,8,3,"3C","R166","R",11.8627800925926,121.0742043,81.2999999999999,4.97177553750001,3.19753637708334,1.77423916041667,0.159763265542154,0.447688853416503
"150","CT1",2019-03-13,2019-03-21,8,4,"4A","R173","R",12.7713263888889,71.502087,49.6000000000001,2.73776087499999,2.23314642534722,0.504614449652769,0.0478688388892767,0.25971003076293
"151","CT1",2019-03-13,2019-03-21,8,4,"4A","R174","R",12.7713263888889,75.2968905,46.8,3.5621113125,2.23314642534722,1.32896488715278,0.136147083965653,0.364923913826616
"152","CT1",2019-03-13,2019-03-21,8,4,"4A","R175","R",12.7713263888889,100.262703,58.1,5.270337875,2.23314642534722,3.03719144965278,0.395601545081092,0.68647427763823
"153","CT1",2019-03-13,2019-03-21,8,4,"4A","R176","R",12.7713263888889,79.7308188,54.1,3.20385235,2.23314642534722,0.970705924652774,0.127420715512402,0.420556986894994
"154","CT1",2019-03-13,2019-03-21,8,2,"2D","R183","R",10.9487592592593,105.855045,68.1999999999998,4.70688062500002,3.57925000312501,1.12763062187501,0.159675419506251,0.666506499365027
"155","CT1",2019-03-13,2019-03-21,8,2,"2D","R184","R",10.9487592592593,108.1319271,67.6999999999999,5.05399088750001,3.57925000312501,1.47474088437501,0.185164928021395,0.634566972964424
"156","CT1",2019-03-13,2019-03-21,8,2,"2D","R185","R",10.9487592592593,108.0120912,71.4,4.5765114,3.57925000312501,0.99726139687499,0.0767754973311078,0.352328827604794
"157","CT1",2019-03-13,2019-03-21,8,2,"2D","R186","R",10.9487592592593,117.8785803,73.2999999999999,5.57232253750001,3.57925000312501,1.993072534375,0.212181044478356,0.593225382310434
"158","CT1",2019-03-13,2019-03-21,8,1,"1D","R193","R",10.1606574074074,128.8635378,85.2000000000001,5.45794222500001,2.99119781111112,2.46674441388889,0.466616422015271,1.03243994726658
"159","CT1",2019-03-13,2019-03-21,8,1,"1D","R194","R",10.1606574074074,125.4681873,86.4,4.88352341249999,2.99119781111112,1.89232560138887,0.215706681062185,0.556674087391038
"160","CT1",2019-03-13,2019-03-21,8,1,"1D","R195","R",10.1606574074074,83.5655676,52.4,3.89569595,2.99119781111112,0.904498138888884,0.119402712770106,0.51427044960969
"161","CT1",2019-03-13,2019-03-21,8,1,"1D","R196","R",10.1606574074074,84.5242548,55.0000000000002,3.69053184999998,2.99119781111112,0.699334038888865,0.0993151222184829,0.524106651974649
"162","CT2",2019-03-27,2019-04-03,7,2,"2A","A008","A",11.616755952381,37.4061626,29.3999999999999,1.14373751428574,0.265490819047608,0.878246695238127,0.0641005215547928,0.0834778788067281
"163","CT2",2019-03-27,2019-04-03,7,2,"2A","A009","A",11.616755952381,34.3064358,21.7999999999998,1.78663368571431,0.265490819047608,1.5211428666667,0.136192189293932,0.159962327310465
"164","CT2",2019-03-27,2019-04-03,7,0,"0C","A017","A",9.82008035714286,44.7784858,34.8000000000002,1.42549797142855,0.509044833333328,0.916453138095219,0.169743110668889,0.264027095182832
"165","CT2",2019-03-27,2019-04-03,7,0,"0C","A018","A",9.82008035714286,34.4321004,32.5000000000002,0.27601434285711,0.509044833333328,-0.233030490476218,-0.0298670377306015,0.0353761895083073
"166","CT2",2019-03-27,2019-04-03,7,4,"4D","A027","A",13.7056339285714,42.307082,33.5000000000001,1.25815457142856,0.836267205952374,0.421887365476183,0.0595978727373582,0.177733068510575
"167","CT2",2019-03-27,2019-04-03,7,4,"4D","A028","A",13.7056339285714,30.8506593,23.8,1.00723704285714,0.836267205952374,0.170969836904762,0.0191082389941275,0.112572641391555
"168","CT2",2019-03-27,2019-04-03,7,3,"3D","A037","A",12.7268154761905,38.5999763,29.0999999999999,1.35713947142858,0.566066980952392,0.791072490476191,0.112367521904012,0.192774241448787
"169","CT2",2019-03-27,2019-04-03,7,3,"3D","A038","A",12.7268154761905,35.7306346,28.6,1.01866208571429,0.566066980952392,0.452595104761902,0.0416309131087807,0.0936992741003921
"170","CT2",2019-03-27,2019-04-03,7,0,"0A","A047","A",9.70764880952381,35.0185352,29.9,0.731219314285709,0.509044833333328,0.222174480952381,0.0254534863240923,0.083772360967381
"171","CT2",2019-03-27,2019-04-03,7,0,"0A","A048","A",9.70764880952381,22.7871808,11.9,1.55531154285714,0.509044833333328,1.04626670952381,0.134288061605123,0.199623834325587
"172","CT2",2019-03-27,2019-04-03,7,0,"0D","A057","A",9.70560714285714,26.4523983,18.9999999999999,1.06462832857144,0.509044833333328,0.555583495238116,0.0552503992111336,0.105872727806365
"173","CT2",2019-03-27,2019-04-03,7,0,"0D","A058","A",9.70560714285714,39.7100136,16.7000000000002,3.28714479999998,0.509044833333328,2.77809996666665,0.376228200529342,0.445166332321465
"174","CT2",2019-03-27,2019-04-03,7,2,"2B","A067","A",11.6640208333333,33.5943364,20.1,1.92776234285714,0.265490819047608,1.66227152380953,0.254166400057577,0.294760758295166
"175","CT2",2019-03-27,2019-04-03,7,2,"2B","A068","A",11.6640208333333,44.7365976,34.5,1.46237108571429,0.265490819047608,1.19688026666668,0.163443344339977,0.199698188341667
"176","CT2",2019-03-27,2019-04-03,7,3,"3A","A077","A",12.6467529761905,28.7143611,21.1999999999999,1.07348015714287,0.566066980952392,0.507413176190481,0.0578949895697559,0.122482279564999
"177","CT2",2019-03-27,2019-04-03,7,3,"3A","A078","A",12.6467529761905,41.8253677,30.3,1.6464811,0.566066980952392,1.08041411904761,0.152233629264714,0.231994185331184
"178","CT2",2019-03-27,2019-04-03,7,2,"2C","A087","A",11.5251994047619,35.0394793,27.4000000000001,1.09135418571427,0.265490819047608,0.825863366666665,0.106564957380864,0.140822461659097
"179","CT2",2019-03-27,2019-04-03,7,2,"2C","A088","A",11.5251994047619,24.9025349,17.7,1.02893355714285,0.265490819047608,0.763442738095242,0.0885454894336984,0.119337601716246
"180","CT2",2019-03-27,2019-04-03,7,1,"1A","A097","A",10.8669404761905,42.516523,31.4999999999999,1.57378900000002,-1.75779311071429,3.33158211071431,0.453637704268915,0.214291590373143
"181","CT2",2019-03-27,2019-04-03,7,1,"1A","A098","A",10.8669404761905,45.3230324,31.3000000000001,2.00329034285713,-1.75779311071429,3.76108345357142,0.571842464456985,0.30458417124313
"182","CT2",2019-03-27,2019-04-03,7,4,"4C","A107","A",13.6230505952381,31.4789823,24.3,1.0255689,0.836267205952374,0.18930169404763,0.0280477124936639,0.151952478789787
"183","CT2",2019-03-27,2019-04-03,7,4,"4C","A108","A",13.6230505952381,31.8140879,23.7000000000001,1.1591554142857,0.836267205952374,0.32288820833333,0.0457635851441177,0.164289392204023
"184","CT2",2019-03-27,2019-04-03,7,1,"1B","A117","A",10.6706458333333,40.5477776,36.7,0.549682514285728,-1.75779311071429,2.30747562500002,0.209724515454574,0.0499601806031756
"185","CT2",2019-03-27,2019-04-03,7,1,"1B","A118","A",10.6706458333333,40.7572186,35.7999999999999,0.708174085714298,-1.75779311071429,2.46596719642859,0.281458429112316,0.0808289607387602
"186","CT2",2019-03-27,2019-04-03,7,1,"1C","A127","A",10.836875,23.9391063,11.4000000000001,1.79130089999998,-1.75779311071429,3.54909401071427,0.376486991431642,0.190020744605201
"187","CT2",2019-03-27,2019-04-03,7,1,"1C","A128","A",10.836875,30.4108332,20.8999999999999,1.35869045714287,-1.75779311071429,3.11648356785716,0.543061022159306,0.236757811292243
"188","CT2",2019-03-27,2019-04-03,7,3,"3B","A137","A",12.7148988095238,25.7193548,16.7999999999999,1.27419354285715,0.566066980952392,0.708126561904762,0.0955880097502119,0.17199979685929
"189","CT2",2019-03-27,2019-04-03,7,3,"3B","A138","A",12.7148988095238,48.4855915,41.8999999999999,0.94079878571429,0.566066980952392,0.374731804761898,0.0525310554549902,0.131884063632514
"190","CT2",2019-03-28,2019-04-03,6,4,"4B","A147","A",13.8057473958333,15.2473048,11.8,0.574550800000001,0.836267205952374,-0.261716405952373,-0.0323890871798076,0.071104353900591
"191","CT2",2019-03-28,2019-04-03,6,4,"4B","A148","A",13.8057473958333,23.6040007,21.5000000000001,0.350666783333322,0.836267205952374,-0.485600422619052,-0.0522599890765813,0.037738522070636
"192","CT2",2019-03-28,2019-04-04,7,0,"0B","A157","A",9.76353869047619,28.2117027,15.5000000000001,1.81595752857142,0.509044833333328,1.30691269523809,0.123810341659402,0.172034691277087
"193","CT2",2019-03-28,2019-04-04,7,0,"0B","A158","A",9.76353869047619,32.1282494,25.2,0.989749914285714,0.509044833333328,0.480705080952386,0.0538162391408488,0.110805190515784
"194","CT2",2019-03-28,2019-04-04,7,4,"4A","A177","A",13.5223244047619,33.3220631,28.8999999999999,0.631723300000011,0.836267205952374,-0.204543905952363,-0.0292150052140019,0.090229036242248
"195","CT2",2019-03-28,2019-04-04,7,4,"4A","A178","A",13.5223244047619,38.956026,28.5000000000002,1.49371799999997,0.836267205952374,0.657450794047597,0.0959727183375299,0.218048526502072
"196","CT2",2019-03-28,2019-04-04,7,1,"1D","A197","A",10.725068452381,31.6884233,25.2000000000001,0.926917614285698,-1.75779311071429,2.68471072499999,0.244471499200974,0.0844057189067235
"197","CT2",2019-03-28,2019-04-04,7,1,"1D","A198","A",10.725068452381,41.0294919,27.3000000000001,1.96135598571427,-1.75779311071429,3.71914909642856,0.471812060309943,0.248818045372187
"198","CT2",2019-03-27,2019-04-03,7,2,"2A","R007","R",11.616755952381,101.9404056,73.5999999999999,4.04862937142858,3.34176362142856,0.706865750000019,0.0964930788641021,0.552671724763532
"199","CT2",2019-03-27,2019-04-03,7,2,"2A","R008","R",11.616755952381,126.8263275,91.8,5.00376107142858,3.34176362142856,1.66199745000002,0.171597702641213,0.516627690627725
"200","CT2",2019-03-27,2019-04-03,7,0,"0C","R017","R",9.82008035714286,103.2186552,78.0000000000001,3.60266502857142,5.439392075,-1.83672704642858,-0.192723413500521,0.378019098349588
"201","CT2",2019-03-27,2019-04-03,7,0,"0C","R018","R",9.82008035714286,102.5795304,76.4,3.73993291428572,5.439392075,-1.69945916071428,-0.224591510534897,0.494249701278834
"202","CT2",2019-03-27,2019-04-03,7,4,"4D","R027","R",13.7056339285714,82.1674821,60.9,3.03821172857144,5.63293348392857,-2.59472175535714,-0.293152536056011,0.34325818229525
"203","CT2",2019-03-27,2019-04-03,7,4,"4D","R029","R",13.7056339285714,104.8564125,62.5,6.05091607142858,5.63293348392857,0.417982587500005,0.0496582817507185,0.718877063568939
"204","CT2",2019-03-27,2019-04-03,7,3,"3D","R037","R",12.7268154761905,81.088959,59.9000000000001,3.02699414285714,2.14078976190477,0.886204380952368,0.126669771225497,0.432663913446893
"205","CT2",2019-03-27,2019-04-03,7,3,"3D","R038","R",12.7268154761905,93.1923849,68.7,3.49891212857143,2.14078976190477,1.35812236666666,0.219020382355433,0.564259223643186
"206","CT2",2019-03-27,2019-04-03,7,0,"0A","R047","R",9.70764880952381,170.8460481,110.8,8.57800687142857,5.439392075,3.13861479642857,0.332612519286942,0.909048309850942
"207","CT2",2019-03-27,2019-04-03,7,0,"0A","R048","R",9.70764880952381,103.2985458,79.5000000000001,3.39979225714285,5.439392075,-2.03959981785715,-0.300400400968886,0.500734971789528
"208","CT2",2019-03-27,2019-04-03,7,0,"0D","R057","R",9.70560714285714,101.6208432,70.3,4.47440617142855,5.439392075,-0.964985903571443,-0.142126975019414,0.659008397738999
"209","CT2",2019-03-27,2019-04-03,7,0,"0D","R058","R",9.70560714285714,104.9762484,74.1999999999999,4.39660691428571,5.439392075,-1.04278516071429,-0.116900551210394,0.492877911096633
"210","CT2",2019-03-27,2019-04-03,7,2,"2B","R067","R",11.6640208333333,120.5549154,71.7000000000001,6.9792736285714,3.34176362142856,3.63751000714284,0.419727746635013,0.805329686383571
"211","CT2",2019-03-27,2019-04-03,7,2,"2B","R068","R",11.6640208333333,164.2151283,118.2,6.57358975714289,3.34176362142856,3.23182613571433,0.442773071506228,0.900608017067325
"212","CT2",2019-03-27,2019-04-03,7,3,"3A","R077","R",12.6467529761905,123.0714693,76,6.72449561428572,2.14078976190477,4.58370585238095,0.636025758193676,0.933077417985823
"213","CT2",2019-03-27,2019-04-03,7,2,"2C","R087","R",11.5251994047619,75.2569452,51.0999999999999,3.45099217142859,3.34176362142856,0.109228550000027,0.0125994434255019,0.398069741159739
"214","CT2",2019-03-27,2019-04-03,7,2,"2C","R088","R",11.5251994047619,85.0035984,53.6000000000001,4.48622834285714,3.34176362142856,1.14446472142857,0.16467294547344,0.645507390007233
"215","CT2",2019-03-27,2019-04-03,7,1,"1A","R097","R",10.8669404761905,132.0192165,80.9,7.30274521428571,7.28616663928571,0.0165785749999952,0.00180493753673589,0.795062238973284
"216","CT2",2019-03-27,2019-04-03,7,1,"1A","R098","R",10.8669404761905,106.5740604,75.1999999999999,4.48200862857144,7.28616663928571,-2.80415801071427,-0.496431530942067,0.793468269860626
"217","CT2",2019-03-27,2019-04-03,7,4,"4C","R107","R",13.6230505952381,125.3483514,71.9,7.63547877142858,5.63293348392857,2.00254528750001,0.324811903802253,1.23847106563346
"218","CT2",2019-03-27,2019-04-03,7,4,"4C","R108","R",13.6230505952381,134.5357704,96.3000000000001,5.46225291428572,5.63293348392857,-0.170680569642857,-0.0206029169298414,0.659350641249295
"219","CT2",2019-03-27,2019-04-03,7,1,"1B","R117","R",10.6706458333333,93.9912909,67.5000000000001,3.78447012857142,7.28616663928571,-3.50169651071429,-0.448805225414453,0.485047737269868
"220","CT2",2019-03-27,2019-04-03,7,1,"1B","R118","R",10.6706458333333,96.0684465000001,63.8,4.60977807142858,7.28616663928571,-2.67638856785713,-0.392289257851224,0.675674093148384
"221","CT2",2019-03-27,2019-04-03,7,1,"1C","R127","R",10.836875,148.3967895,107,5.91382707142858,7.28616663928571,-1.37233956785713,-0.197388211320152,0.850605619066073
"222","CT2",2019-03-27,2019-04-03,7,1,"1C","R128","R",10.836875,129.7423344,102.8,3.84890491428573,7.28616663928571,-3.43726172499998,-0.390722147831386,0.43751465998956
"223","CT2",2019-03-27,2019-04-03,7,3,"3B","R137","R",12.7148988095238,49.5721173,37.2000000000001,1.76744532857142,2.14078976190477,-0.373344433333354,-0.060463189567388,0.286238048327854
"224","CT2",2019-03-27,2019-04-03,7,3,"3B","R138","R",12.7148988095238,77.8134444,62.8000000000001,2.14477777142856,2.14078976190477,0.00398800952379341,0.00060112965882418,0.323291487219459
"225","CT2",2019-03-28,2019-04-03,6,4,"4B","R147","R",13.8057473958333,145.0413843,79.4000000000001,10.9402307166666,5.63293348392857,5.30729723273806,0.489126990322784,1.0082650149819
"226","CT2",2019-03-28,2019-04-03,6,4,"4B","R148","R",13.8057473958333,155.9464512,107,8.15774186666668,5.63293348392857,2.5248083827381,0.27862826692492,0.900257419085879
"227","CT2",2019-03-28,2019-04-04,7,0,"0B","R157","R",9.76353869047619,130.1417874,87.4999999999999,6.09168391428572,5.439392075,0.652291839285726,0.059942821876671,0.559799620064021
"228","CT2",2019-03-28,2019-04-04,7,0,"0B","R158","R",9.76353869047619,130.9007481,86.4,6.35724972857143,5.439392075,0.917857653571434,0.0883820267355989,0.61215005757072
"229","CT2",2019-03-28,2019-04-04,7,4,"4A","R177","R",13.5223244047619,83.0063334,62.2,2.97233334285714,5.63293348392857,-2.66060014107144,-0.284399158505468,0.317721212014179
"230","CT2",2019-03-28,2019-04-04,7,4,"4A","R178","R",13.5223244047619,62.3146680000001,44.5999999999999,2.53066685714289,5.63293348392857,-3.10226662678569,-0.481570384161869,0.392839931957338
"231","CT2",2019-03-28,2019-04-04,7,1,"1D","R197","R",10.725068452381,68.6260254,51.2999999999999,2.4751464857143,7.28616663928571,-4.81102015357141,-0.61618183878498,0.317009753471402
"232","CT2",2019-03-28,2019-04-04,7,1,"1D","R198","R",10.725068452381,86.9609181,65.9999999999999,2.99441687142858,7.28616663928571,-4.29174976785713,-0.484554772661998,0.338080984417409
"233","CT3",2019-04-10,2019-04-17,7,2,"2A","A009","A",14.8515892857143,44.0873305,48.3,-0.601809928571426,-1.17151544999999,0.569705521428566,0.0492856302902867,-0.0520630054106194
"234","CT3",2019-04-10,2019-04-17,7,0,"0C","A019","A",13.0677946428571,41.8672559,47.9000000000001,-0.861820585714295,-0.173110810714287,-0.688709775000008,-0.0795531171826318,-0.0995492100365977
"235","CT3",2019-04-10,2019-04-17,7,0,"0C","A020","A",13.0677946428571,37.5737154,38.1000000000001,-0.0751835142857341,-0.173110810714287,0.0979272964285532,0.0149873191274112,-0.0115064886177337
"236","CT3",2019-04-10,2019-04-17,7,4,"4D","A024","A",16.8976875,41.5740385,41.5000000000001,0.0105769285714124,-0.189488832142867,0.20006576071428,0.034952906725144,0.00184786440455976
"237","CT3",2019-04-10,2019-04-17,7,4,"4D","A029","A",16.8976875,40.4849453,36.7000000000002,0.540706471428541,-0.189488832142867,0.730195303571408,0.101070712038924,0.0748424261345473
"238","CT3",2019-04-10,2019-04-17,7,3,"3D","A033","A",15.9248660714286,64.2564988,61.9000000000001,0.336642685714275,-0.549554467857138,0.886197153571413,0.0833313403860685,0.0316553558298875
"239","CT3",2019-04-10,2019-04-17,7,3,"3D","A040","A",15.9248660714286,59.5859645,49.6,1.42656635714286,-0.549554467857138,1.976120825,0.259334432093585,0.187214147734847
"240","CT3",2019-04-10,2019-04-17,7,0,"0A","A049","A",12.967125,56.2767967,62.6,-0.903314757142858,-0.173110810714287,-0.73020394642857,-0.0842295874765943,-0.104198052787579
"241","CT3",2019-04-10,2019-04-17,7,0,"0A","A050","A",12.967125,54.0986103,52.4,0.242658614285712,-0.173110810714287,0.415769424999999,0.0520593251249221,0.0303837726775194
"242","CT3",2019-04-10,2019-04-17,7,0,"0D","A059","A",12.9068839285714,44.401492,53.0999999999999,-1.24264399999999,-0.173110810714287,-1.0695331892857,-0.105655349489205,-0.122756345876791
"243","CT3",2019-04-10,2019-04-17,7,0,"0D","A060","A",12.9068839285714,38.8931937,32.6,0.899027671428576,-0.173110810714287,1.07213848214286,0.101860907304152,0.0854141287049256
"244","CT3",2019-04-10,2019-04-17,7,2,"2B","A069","A",14.9118601190476,43.9407218,54,-1.43703974285715,-1.17151544999999,-0.265524292857159,-0.0329880675654076,-0.178534188421884
"245","CT3",2019-04-10,2019-04-17,7,3,"3A","A079","A",15.8878482142857,34.0132184,36.8999999999999,-0.41239737142856,-0.549554467857138,0.137157096428577,0.0180911093104948,-0.0543954787622664
"246","CT3",2019-04-10,2019-04-17,7,3,"3A","A080","A",15.8878482142857,38.3486471,32.2,0.878378157142851,-0.549554467857138,1.42793262499999,0.1433472924095,0.0881786215495109
"247","CT3",2019-04-10,2019-04-17,7,2,"2C","A089","A",14.7575238095238,38.4324235,45.9,-1.06679664285715,-1.17151544999999,0.104718807142842,0.0143252488610673,-0.145934888011417
"248","CT3",2019-04-10,2019-04-17,7,2,"2C","A090","A",14.7575238095238,53.0723494,60.0999999999998,-1.00395008571426,-1.17151544999999,0.167565364285732,0.0188300303393014,-0.112818127145345
"249","CT3",2019-04-10,2019-04-17,7,1,"1A","A100","A",14.200619047619,44.2548833,47.4000000000001,-0.449302385714306,-0.609274103571427,0.15997171785712,0.0201232787841311,-0.0565189727735476
"250","CT3",2019-04-10,2019-04-17,7,4,"4C","A109","A",16.7846607142857,37.3433303,36.3,0.14904718571429,-0.189488832142867,0.338536017857157,0.0454717638855235,0.0200198445042904
"251","CT3",2019-04-10,2019-04-17,7,4,"4C","A110","A",16.7846607142857,41.8044236,42.7,-0.127939485714281,-0.189488832142867,0.0615493464285862,0.00708017353982148,-0.0147171954539539
"252","CT3",2019-04-10,2019-04-17,7,1,"1B","A119","A",13.9936666666667,35.814411,44.2,-1.19794128571429,-0.609274103571427,-0.588667182142861,-0.0633995303613904,-0.129018428780652
"253","CT3",2019-04-10,2019-04-17,7,1,"1B","A120","A",13.9936666666667,41.9929205,44.8,-0.401011357142854,-0.609274103571427,0.208262746428572,0.0284375861290463,-0.0547567685677611
"254","CT3",2019-04-10,2019-04-17,7,1,"1C","A129","A",14.0826875,45.7000262,47.5000000000001,-0.25713911428573,-0.609274103571427,0.352134989285696,0.067769944722301,-0.0494875661076297
"255","CT3",2019-04-10,2019-04-17,7,1,"1C","A130","A",14.0826875,45.9513554000001,46.7000000000001,-0.106949228571431,-0.609274103571427,0.502324874999995,0.124813541835662,-0.0265738622133581
"256","CT3",2019-04-10,2019-04-17,7,3,"3B","A136","A",15.8895625,48.799753,62.9999999999999,-2.02860671428571,-0.549554467857138,-1.47905224642857,-0.19924503661073,-0.273276228093101
"257","CT3",2019-04-10,2019-04-17,7,3,"3B","A140","A",15.8895625,36.6312309,40.8000000000002,-0.595538442857172,-0.549554467857138,-0.0459839750000345,-0.00739014805372068,-0.0957098046524571
"258","CT3",2019-04-10,2019-04-17,7,4,"4B","A146","A",16.8496607142857,37.0501129,35.4999999999999,0.221444700000015,-0.189488832142867,0.410933532142882,0.0515637680184197,0.0277867884866087
"259","CT3",2019-04-10,2019-04-17,7,4,"4B","A149","A",16.8496607142857,37.3852185,54.7,-2.47354021428571,-0.189488832142867,-2.28405138214284,-0.279185683814477,-0.302347408454568
"260","CT3",2019-04-10,2019-04-17,7,0,"0B","A159","A",12.9837976190476,53.0723494000001,65.4000000000001,-1.76109294285715,-0.173110810714287,-1.58798213214286,-0.179870180435015,-0.199478381389022
"261","CT3",2019-04-10,2019-04-17,7,0,"0B","A160","A",12.9837976190476,42.7678522,47.4000000000001,-0.661735400000017,-0.173110810714287,-0.48862458928573,-0.0407880511874153,-0.0552385163570681
"262","CT3",2019-04-10,2019-04-17,7,3,"3C","A169","A",15.8529821428571,37.8041005,46.6,-1.25655707142856,-0.549554467857138,-0.707002603571427,-0.0830094922602381,-0.147532928405629
"263","CT3",2019-04-10,2019-04-17,7,3,"3C","A170","A",15.8529821428571,43.7522249,43.9,-0.0211107285714393,-0.549554467857138,0.528443739285698,0.0530747955750093,-0.00212027794081385
"264","CT3",2019-04-10,2019-04-17,7,4,"4A","A178","A",16.6596607142857,23.9391063,28.6,-0.665841957142856,-0.189488832142867,-0.476353124999989,-0.0673544688458092,-0.094147448615168
"265","CT3",2019-04-10,2019-04-17,7,4,"4A","A180","A",16.6596607142857,37.8878769,49.2000000000001,-1.6160175857143,-0.189488832142867,-1.42652875357143,-0.157068397443811,-0.177932124952749
"266","CT3",2019-04-10,2019-04-17,7,2,"2D","A189","A",14.8621160714286,42.2023615,40.3,0.271765928571428,-1.17151544999999,1.44328137857142,0.13184941437638,0.0248268834210715
"267","CT3",2019-04-10,2019-04-17,7,2,"2D","A190","A",14.8621160714286,51.6900388,53.5999999999999,-0.272851599999977,-1.17151544999999,0.898663850000015,0.0979793984465203,-0.0297484266593876
"268","CT3",2019-04-10,2019-04-17,7,1,"1D","A199","A",14.0248154761905,56.130188,64.4,-1.18140171428572,-0.609274103571427,-0.572127610714295,-0.0713807474981712,-0.147396028232323
"269","CT3",2019-04-10,2019-04-17,7,1,"1D","A200","A",14.0248154761905,46.4540138,51.3000000000001,-0.692283742857161,-0.609274103571427,-0.0830096392857345,-0.00923673470163116,-0.0770325148506308
"270","CT3",2019-04-10,2019-04-17,7,2,"2A","R009","R",14.8515892857143,105.7751544,78.7,3.8678792,3.25512499642857,0.612754203571424,0.076451971788437,0.482586638746762
"271","CT3",2019-04-10,2019-04-17,7,0,"0C","R019","R",13.0677946428571,128.7836472,96.4,4.62623531428572,1.06194861071428,3.56428670357144,0.496090535431114,0.643896449686468
"272","CT3",2019-04-10,2019-04-17,7,0,"0C","R020","R",13.0677946428571,130.6610763,107.6,3.29443947142854,1.06194861071428,2.23249086071425,0.317003486450126,0.467795329745553
"273","CT3",2019-04-10,2019-04-17,7,4,"4D","R024","R",16.8976875,180.153303,125.8,7.76475757142857,1.40720966785715,6.35754790357142,0.936803032476526,1.14415943846417
"274","CT3",2019-04-10,2019-04-17,7,4,"4D","R029","R",16.8976875,114.5231751,97.0000000000002,2.5033107285714,1.40720966785715,1.09610106071425,0.125826404407462,0.287366374671248
"275","CT3",2019-04-10,2019-04-17,7,3,"3D","R036","R",15.9248660714286,101.1015543,75.7000000000001,3.62879347142855,1.14450634642857,2.48428712499998,0.315079890715584,0.460236596205498
"276","CT3",2019-04-10,2019-04-17,7,3,"3D","R040","R",15.9248660714286,121.6733838,83.6999999999999,5.42476911428573,1.14450634642857,4.28026276785716,0.480497519392625,0.608978523997714
"277","CT3",2019-04-10,2019-04-17,7,0,"0A","R049","R",12.967125,154.2687486,115.8,5.49553551428573,1.06194861071428,4.43358690357145,0.561304607198753,0.695750296607046
"278","CT3",2019-04-10,2019-04-17,7,0,"0A","R050","R",12.967125,112.3661289,86.9000000000002,3.63801841428568,1.06194861071428,2.5760698035714,0.382320146409322,0.53992625932
"279","CT3",2019-04-10,2019-04-17,7,0,"0D","R059","R",12.9068839285714,108.1319271,85.5999999999999,3.21884672857144,1.06194861071428,2.15689811785716,0.256344799554066,0.382556140505453
"280","CT3",2019-04-10,2019-04-17,7,0,"0D","R060","R",12.9068839285714,113.2449255,92.0999999999999,3.02070364285715,1.06194861071428,1.95875503214287,0.340572357076683,0.525215324426003
"281","CT3",2019-04-10,2019-04-17,7,2,"2B","R069","R",14.9118601190476,117.5190726,84.4,4.73129608571428,3.25512499642857,1.47617108928571,0.18062735708886,0.578931205041393
"282","CT3",2019-04-10,2019-04-17,7,2,"2B","R070","R",14.9118601190476,113.3248161,76.8,5.21783087142857,3.25512499642857,1.96270587499999,0.202919982566704,0.539460427032297
"283","CT3",2019-04-10,2019-04-17,7,3,"3A","R074","R",15.8878482142857,111.1677699,89.2000000000002,3.13825284285713,1.14450634642857,1.99374649642856,0.20729901178472,0.326298611292974
"284","CT3",2019-04-10,2019-04-17,7,3,"3A","R079","R",15.8878482142857,76.9346478000001,66.5,1.49066397142858,1.14450634642857,0.346157625000006,0.0434976110994616,0.187314440088321
"285","CT3",2019-04-10,2019-04-17,7,2,"2C","R089","R",14.7575238095238,118.6774863,89,4.2396409,3.25512499642857,0.984515903571425,0.13350034876771,0.574895272637703
"286","CT3",2019-04-10,2019-04-17,7,2,"2C","R090","R",14.7575238095238,119.036994,94.7000000000001,3.4767134285714,3.25512499642857,0.221588432142826,0.0421210873069728,0.660878135424462
"287","CT3",2019-04-10,2019-04-17,7,1,"1A","R099","R",14.200619047619,61.6355979,56.7,0.705085414285724,1.31219794642857,-0.607112532142849,-0.0919651268308708,0.106806013907363
"288","CT3",2019-04-10,2019-04-17,7,1,"1A","R100","R",14.200619047619,72.6605007,52.7,2.8515001,1.31219794642857,1.53930215357143,0.168382900904622,0.31192307348743
"289","CT3",2019-04-10,2019-04-17,7,4,"4C","R103","R",16.7846607142857,79.6908735000001,59.7000000000001,2.85583907142857,1.40720966785715,1.44862940357143,0.236279734341416,0.465803673082568
"290","CT3",2019-04-10,2019-04-17,7,4,"4C","R105","R",16.7846607142857,93.4320566999999,77.1,2.33315095714285,1.40720966785715,0.925941289285704,0.121427244078071,0.305967661256926
"291","CT3",2019-04-10,2019-04-17,7,1,"1B","R119","R",13.9936666666667,76.0558511999999,53.4000000000001,3.23655017142855,1.31219794642857,1.92435222499997,0.201490507171526,0.338885016503273
"292","CT3",2019-04-10,2019-04-17,7,1,"1B","R120","R",13.9936666666667,95.3893764,77.0000000000001,2.62705377142856,1.31219794642857,1.31485582499998,0.15621450835545,0.312113241257496
"293","CT3",2019-04-10,2019-04-17,7,1,"1C","R129","R",14.0826875,112.4859648,87.7000000000001,3.5408521142857,1.31219794642857,2.22865416785713,0.355954926123585,0.565535815710239
"294","CT3",2019-04-10,2019-04-17,7,1,"1C","R130","R",14.0826875,118.9171581,104.2,2.10245115714286,1.31219794642857,0.790253210714289,0.102924774306431,0.273829081496083
"295","CT3",2019-04-10,2019-04-17,7,3,"3B","R139","R",15.8895625,123.7105941,97.5999999999999,3.73008487142858,1.14450634642857,2.58557852500001,0.401197323754515,0.5787873210288
"296","CT3",2019-04-10,2019-04-17,7,3,"3B","R140","R",15.8895625,108.6112707,78.2,4.34446724285713,1.14450634642857,3.19996089642855,0.398968469654126,0.541664571363891
"297","CT3",2019-04-10,2019-04-17,7,4,"4B","R148","R",16.8496607142857,116.1609324,87.1000000000001,4.15156177142856,1.40720966785715,2.74435210357141,0.29298987259895,0.44322503403065
"298","CT3",2019-04-10,2019-04-17,7,4,"4B","R150","R",16.8496607142857,106.4941698,82.9000000000001,3.37059568571428,1.40720966785715,1.96338601785714,0.18951857987009,0.325351460111755
"299","CT3",2019-04-10,2019-04-17,7,0,"0B","R159","R",12.9837976190476,166.9314087,134.1,4.69020124285713,1.06194861071428,3.62825263214285,0.379562114238852,0.490655662776477
"300","CT3",2019-04-10,2019-04-17,7,3,"3C","R167","R",15.8529821428571,107.9322006,79.3000000000002,4.09031437142854,1.14450634642857,2.94580802499997,0.280107931507039,0.388935561336987
"301","CT3",2019-04-10,2019-04-17,7,3,"3C","R168","R",15.8529821428571,120.3951342,84.7,5.09930488571429,1.14450634642857,3.95479853928572,0.36815525403297,0.4746982348008
"302","CT3",2019-04-10,2019-04-17,7,4,"4A","R179","R",16.6596607142857,111.3275511,88.4999999999998,3.26107872857147,1.40720966785715,1.85386906071432,0.178516036684302,0.314021557550429
"303","CT3",2019-04-10,2019-04-17,7,4,"4A","R180","R",16.6596607142857,112.9653084,81.1000000000001,4.5521869142857,1.40720966785715,3.14497724642856,0.420853893981724,0.609163576997379
"304","CT3",2019-04-10,2019-04-17,7,2,"2D","R189","R",14.8621160714286,117.3193461,88.6,4.10276372857144,3.25512499642857,0.84763873214287,0.0971740225255143,0.470344310446006
"305","CT3",2019-04-10,2019-04-17,7,2,"2D","R190","R",14.8621160714286,121.5535479,86.9,4.95050684285715,3.25512499642857,1.69538184642857,0.216943916023107,0.63347519206427
"306","CT3",2019-04-10,2019-04-17,7,1,"1D","R198","R",14.0248154761905,101.6208432,90,1.66012045714287,1.31219794642857,0.347922510714299,0.0380490543193894,0.181551959144225
"307","CT3",2019-04-10,2019-04-17,7,1,"1D","R199","R",14.0248154761905,176.9177337,76.1,14.4025333857143,1.31219794642857,13.0903354392857,1.77421238406357,1.95206251309154
