"","Chamber","Channel","Temp.TRT","Leaf.spp.","Beg.Date","Beg.Length.mm","beg.mass.mg","End.Date","End.Length.mm","end.mass.mg","Days.in.expt","igr","igr_norm"
"1","A003","2A",2,"Acer","12-Mar-19",8.123,5.25221933203808,"17-Apr-19",8.432,5.81729339186169,36,0.00283845509548693,0.000540429657644456
"2","A004","2A",2,"Acer","12-Mar-19",8.219,5.42385999768333,"17-Apr-19",8.034,5.09621020243107,36,-0.00173084924262552,-0.00031911761058818
"3","A005","2A",2,"Acer","12-Mar-19",7.386,4.04841648435482,"17-Apr-19",8.095,5.20281577408284,36,0.00696872669177179,0.001721346289025
"4","A008","2A",2,"Acer","12-Mar-19",9.81,8.80333025405236,"17-Apr-19",9.201,7.38695409894009,36,-0.00487262786360497,-0.000553498247025549
"5","A014","0C",0,"Acer","12-Mar-19",8.495,5.93702805571388,"17-Apr-19",8.301,5.57325435570753,36,-0.00175637590518827,-0.000295834193253965
"6","A015","0C",0,"Acer","12-Mar-19",7.581,4.34770774268514,"17-Apr-19",7.967,4.98072812174126,36,0.00377575941744327,0.000868448304464772
"7","A017","0C",0,"Acer","12-Mar-19",7.078,3.6029158551951,"17-Apr-19",6.887,3.34300678859637,36,-0.00207980109089624,-0.000577254971940947
"8","A018","0C",0,"Acer","12-Mar-19",8.053,5.12926507817165,"17-Apr-19",7.471,4.17721205757405,36,-0.00570328714346218,-0.00111191117178431
"9","A019","0C",0,"Acer","12-Mar-19",8.252,5.48367243653965,"17-Apr-19",8.374,5.70842662999265,36,0.00111578917016136,0.000203474803258936
"10","A020","0C",0,"Acer","12-Mar-19",7.477,4.18640039017617,"17-Apr-19",7.504,4.22790659816854,36,0.000274047423082741,0.0000654613504541568
"11","A024","4D",4,"Acer","12-Mar-19",7.138,3.68712550995045,"17-Apr-19",7.79,4.68367706262351,36,0.00664545385243893,0.00180234001649926
"12","A029","4D",4,"Acer","12-Mar-19",7.745,4.6099960540469,"17-Apr-19",8.089,5.19226782474446,36,0.00330398780936207,0.000716700789030318
"13","A035","3D",3,"Acer","12-Mar-19",7.638,4.43776432413045,"17-Apr-19",9.303,7.61325067614801,36,0.0149927644481594,0.00337844990249614
"14","A036","3D",3,"Acer","12-Mar-19",8.402,5.76082004261054,"17-Apr-19",9.08,7.12409806131668,36,0.0059000915881465,0.001024175645916
"15","A040","3D",3,"Acer","12-Mar-19",7.891,4.85176016147691,"17-Apr-19",8.182,5.35729183462993,36,0.00275325093509059,0.000567474657331884
"16","A043","0A",0,"Acer","12-Mar-19",7.886,4.84335060566685,"17-Apr-19",7.894,4.85681033988403,36,0.0000770877407263078,0.0000159162007879655
"17","A044","0A",0,"Acer","12-Mar-19",9.041,7.04066041106506,"17-Apr-19",9.172,7.32340437981567,36,0.00109370346964037,0.000155341034190701
"18","A045","0A",0,"Acer","12-Mar-19",8.184,5.36087678227217,"17-Apr-19",8.812,6.56323260728723,36,0.00562099212766225,0.00104852104533539
"19","A046","0A",0,"Acer","12-Mar-19",7.776,4.66067460595233,"17-Apr-19",8.476,5.90075449866621,36,0.00655333391609841,0.00140609127865929
"20","A047","0A",0,"Acer","12-Mar-19",8.376,5.71215894542615,"17-Apr-19",8.334,5.6341050493974,36,-0.000382187120404023,-0.0000669076480636185
"21","A048","0A",0,"Acer","12-Mar-19",8.049,5.12229488419066,"17-Apr-19",8.872,6.6862691935254,36,0.00740148586822545,0.00144495505150811
"22","A049","0A",0,"Acer","12-Mar-19",8.256,5.49095073549917,"17-Apr-19",8.522,5.98881763496848,36,0.00241090517856975,0.000439068805149383
"23","A050","0A",0,"Acer","12-Mar-19",8.022,5.07540327236159,"17-Apr-19",7.713,4.55805099084924,36,-0.00298641295649581,-0.000588408998504316
"24","A053","0D",0,"Acer","12-Mar-19",8.532,6.00807145284411,"17-Apr-19",8.397,5.75144178956124,36,-0.00121258994313374,-0.000201826817915044
"25","A054","0D",0,"Acer","12-Mar-19",7.788,4.68038659641209,"17-Apr-19",9.573,8.23336670097936,36,0.0156892859755366,0.00335213462656349
"26","A055","0D",0,"Acer","12-Mar-19",6.837,3.27699677187263,"17-Apr-19",7.218,3.80133299888268,36,0.00412290027138413,0.00125813376039065
"27","A056","0D",0,"Acer","12-Mar-19",7.022,3.5254308433724,"17-Apr-19",7.078,3.6029158551951,36,0.000603911764792612,0.000171301549122125
"28","A057","0D",0,"Acer","12-Mar-19",8.802,6.54286734638324,"17-Apr-19",8.355,5.67304680387985,36,-0.00396247702657783,-0.000605617815065166
"29","A058","0D",0,"Acer","12-Mar-19",7.899,4.86523471509601,"17-Apr-19",7.795,4.69190965008513,36,-0.00100764682452078,-0.000207111657202113
"30","A060","0D",0,"Acer","12-Mar-19",8.837,6.61432163410761,"17-Apr-19",8.078,5.17296518618007,36,-0.00682753282153186,-0.00103223477768677
"31","A063","2B",2,"Acer","12-Mar-19",8.138,5.27880751919474,"17-Apr-19",8.763,6.46382614660071,36,0.00562558893462966,0.00106569313508287
"32","A065","2B",2,"Acer","12-Mar-19",7.407,4.07999864342582,"17-Apr-19",7.775,4.65903432281236,36,0.00368643177434603,0.000903537500015116
"33","A067","2B",2,"Acer","12-Mar-19",7.57,4.33046311249911,"17-Apr-19",8.35,5.66375951478093,36,0.00745592795162483,0.00172173916690449
"34","A069","2B",2,"Acer","12-Mar-19",8.044,5.11359059887542,"17-Apr-19",8.28,5.5347492890887,36,0.00219845696900748,0.00042992432156985
"35","A073","3A",3,"Acer","12-Mar-19",7.802,4.70345069197408,"17-Apr-19",14.098,23.7516079424196,36,0.044982050053205,0.00956362742995518
"36","A075","3A",3,"Acer","12-Mar-19",8.047,5.11881204264961,"17-Apr-19",8.586,6.11272096244675,36,0.00492915595036741,0.000962949197840829
"37","A076","3A",3,"Acer","12-Mar-19",8.628,6.19490947914247,"17-Apr-19",9.033,7.02362204666587,36,0.003487531749635,0.000562967346234373
"38","A078","3A",3,"Acer","12-Mar-19",7.79,4.68367706262351,"17-Apr-19",7.814,4.72327721963435,36,0.000233871841259935,0.000049933383137422
"39","A079","3A",3,"Acer","12-Mar-19",7.877,4.82823672869146,"17-Apr-19",8.383,5.72523424427473,36,0.00473339250405047,0.000980356343325632
"40","A080","3A",3,"Acer","12-Mar-19",8.668,6.27383305309917,"17-Apr-19",8.989,6.93037874766693,36,0.00276463791558998,0.00044066169631726
"41","A084","2C",2,"Acer","12-Mar-19",7.59,4.36184935210748,"17-Apr-19",7.668,4.48563405827507,36,0.000777325773459101,0.000178210137652628
"42","A085","2C",2,"Acer","12-Mar-19",9.022,7.00023705708196,"17-Apr-19",9.508,8.0812582955038,36,0.00398898822974003,0.000569836163720266
"43","A088","2C",2,"Acer","12-Mar-19",8.34,5.64521389693493,"17-Apr-19",7.79,4.68367706262351,36,-0.00518679415854589,-0.000918794974511429
"44","A089","2C",2,"Acer","12-Mar-19",7.777,4.66231525553908,"17-Apr-19",7.306,3.92952605152055,36,-0.00474981499102226,-0.00101876744293068
"45","A090","2C",2,"Acer","12-Mar-19",8.332,5.6304051857765,"17-Apr-19",8.135,5.27348306447767,36,-0.00181917614793839,-0.00032309862042149
"46","A093","1A",1,"Acer","12-Mar-19",7.538,4.28054392271103,"17-Apr-19",7.613,4.39812154820507,36,0.000752706740010662,0.00017584371369654
"47","A094","1A",1,"Acer","12-Mar-19",7.6,4.37759644936083,"17-Apr-19",7.32,3.95016967124781,36,-0.00285392458823003,-0.000651938711401032
"48","A095","1A",1,"Acer","12-Mar-19",7.579,4.34456911987815,"17-Apr-19",6.928,3.39775989752339,36,-0.00682806183612299,-0.00157163153530735
"49","A096","1A",1,"Acer","12-Mar-19",8.772,6.48201232608903,"17-Apr-19",8.429,5.81163031813876,36,-0.00303249636866089,-0.000467832552007899
"50","A097","1A",1,"Acer","12-Mar-19",7.884,4.83998937540612,"17-Apr-19",8.222,5.42928029623776,36,0.00319150159638687,0.000659402603775153
"51","A098","1A",1,"Acer","12-Mar-19",7.585,4.35398930439768,"17-Apr-19",7.927,4.91258260673947,36,0.00335298017683972,0.000770093801896365
"52","A105","4C",4,"Acer","12-Mar-19",7.605,4.38548350764118,"17-Apr-19",7.787,4.67874191361893,36,0.00179803800467759,0.00040999766651607
"53","A106","4C",4,"Acer","12-Mar-19",7.88,4.83327135689916,"17-Apr-19",8.828,6.59590061955837,36,0.00863679999566972,0.00178694705053986
"54","A113","1B",1,"Acer","12-Mar-19",8.594,6.1283222288008,"17-Apr-19",9.226,7.44201831973991,36,0.00539502993071094,0.000880343710609135
"55","A114","1B",1,"Acer","12-Mar-19",7.959,4.9670513378579,"17-Apr-19",8.312,5.59349133238298,36,0.00329936910713018,0.000664251058164636
"56","A116","1B",1,"Acer","12-Mar-19",7.908,4.88042194810638,"17-Apr-19",7.799,4.69850232776227,36,-0.00105521879543183,-0.000216214664767103
"57","A117","1B",1,"Acer","12-Mar-19",9.084,7.13269106456334,"17-Apr-19",8.678,6.29366310743768,36,-0.00347625890014993,-0.000487369895693464
"58","A118","1B",1,"Acer","12-Mar-19",8.761,6.45978917625812,"17-Apr-19",7.336,3.97384650130921,36,-0.0134961712323384,-0.00208925877673242
"59","A119","1B",1,"Acer","12-Mar-19",8.457,5.86462190536465,"17-Apr-19",8.249,5.47821773235569,36,-0.00189328325069778,-0.000322831255151487
"60","A120","1B",1,"Acer","12-Mar-19",7.782,4.67052400138985,"17-Apr-19",7.854,4.78974845807717,36,0.000700184022813595,0.000149915517531916
"61","A123","1C",1,"Acer","12-Mar-19",7.384,4.04541677944431,"17-Apr-19",7.297,3.91629138316272,36,-0.000901095851264312,-0.000222744874111114
"62","A124","1C",1,"Acer","12-Mar-19",8.766,6.46988460357139,"17-Apr-19",8.172,5.33938991811283,36,-0.00533463538438552,-0.000824533312609747
"63","A126","1C",1,"Acer","12-Mar-19",7.516,4.24643728832873,"17-Apr-19",7.232,3.82154704207661,36,-0.00292847280024159,-0.000689630530583944
"64","A127","1C",1,"Acer","12-Mar-19",8.605,6.14981519678132,"17-Apr-19",8.764,6.46584523202971,36,0.00139199198041156,0.00022634696098512
"65","A128","1C",1,"Acer","12-Mar-19",7.231,3.82010092506978,"17-Apr-19",7.477,4.18640039017617,36,0.00254345630088683,0.00066580866599496
"66","A129","1C",1,"Acer","12-Mar-19",6.9,3.36030642801948,"17-Apr-19",6.982,3.47073740018084,36,0.000898191944637466,0.000267294654186299
"67","A130","1C",1,"Acer","12-Mar-19",6.309,2.6299099905614,"17-Apr-19",7.165,3.7254234707684,36,0.00967308075874816,0.00367810335466396
"68","A136","3B",3,"Acer","12-Mar-19",7.819,4.73155389942873,"17-Apr-19",7.96,4.96875963073992,36,0.00135879358788845,0.000287177028259682
"69","A137","3B",3,"Acer","12-Mar-19",7.908,4.88042194810638,"17-Apr-19",7.802,4.70345069197408,36,-0.00102597921641195,-0.000210223465782509
"70","A143","4B",4,"Acer","12-Mar-19",8.097,5.2063347765676,"17-Apr-19",7.917,4.89563923382919,36,-0.00170920149501891,-0.000328292660455027
"71","A145","4B",4,"Acer","12-Mar-19",7.885,4.84166980542371,"17-Apr-19",8.264,5.50552571892968,36,0.00356923893633869,0.000737191729254312
"72","A146","4B",4,"Acer","12-Mar-19",8.016,5.06502005864964,"17-Apr-19",7.855,4.79141779742476,36,-0.00154254831116078,-0.00030454929956823
"73","A149","4B",4,"Acer","12-Mar-19",8.09,5.1940248729476,"17-Apr-19",8.411,5.7777253428101,36,0.00295836566409433,0.000569570946705048
"74","A153","0B",0,"Acer","13-Mar-19",9.159,7.29502960846041,"17-Apr-19",8.293,5.5585657808532,35,-0.00776723196562951,-0.00106472932702308
"75","A154","0B",0,"Acer","13-Mar-19",8.339,5.64336145790945,"17-Apr-19",7.947,4.94658089048455,35,-0.00376523664068022,-0.000667197497229786
"76","A155","0B",0,"Acer","13-Mar-19",9.02,6.99599055736328,"17-Apr-19",9.376,7.7778773233101,35,0.00302703588304174,0.000432681527829648
"77","A156","0B",0,"Acer","13-Mar-19",9.405,7.84389834473209,"17-Apr-19",8.966,6.88195229462783,35,-0.00373810209094413,-0.000476561771539864
"78","A157","0B",0,"Acer","13-Mar-19",8.953,6.85467608402895,"17-Apr-19",8.792,6.5225422349656,35,-0.00141905274586463,-0.000207019664892839
"79","A158","0B",0,"Acer","13-Mar-19",8.444,5.83998070470592,"17-Apr-19",8.789,6.51645252566384,35,0.00313150411044113,0.000536218228926292
"80","A159","0B",0,"Acer","13-Mar-19",8.316,5.60086177756596,"17-Apr-19",8.716,6.3693799555522,35,0.00367376148217265,0.000655927896111946
"81","A160","0B",0,"Acer","13-Mar-19",9.255,7.50621831242958,"17-Apr-19",9.329,7.67162862796042,35,0.000622775568752993,0.00008296795307988
"82","A173","4A",4,"Acer","13-Mar-19",8.208,5.40401495507567,"17-Apr-19",8.421,5.79654589662954,35,0.00200342907384031,0.000370729742699658
"83","A176","4A",4,"Acer","13-Mar-19",8.001,5.0391210310393,"17-Apr-19",8.469,5.88742610275304,35,0.00444534969838935,0.000882167677856412
"84","A178","4A",4,"Acer","13-Mar-19",7.694,4.52738516481512,"17-Apr-19",7.685,4.5129050747927,35,-0.0000915274179523592,-0.000020216397461314
"85","A183","2D",2,"Acer","13-Mar-19",8.698,6.33344244540822,"17-Apr-19",7.928,4.91427898768886,35,-0.00724853920095482,-0.00114448647215703
"86","A184","2D",2,"Acer","13-Mar-19",9.995,9.26519236769332,"17-Apr-19",10.31,10.086439508282,35,0.0024264936119827,0.000261893495103632
"87","A185","2D",2,"Acer","13-Mar-19",8.694,6.32547385066652,"17-Apr-19",8.97,6.89035880922077,35,0.00244394890202096,0.000386366137892332
"88","A187","2D",2,"Acer","13-Mar-19",7.969,4.98415104761438,"17-Apr-19",8.647,6.23231911602386,35,0.00638529787900174,0.00128112045923207
"89","A188","2D",2,"Acer","13-Mar-19",8.445,5.84187384436239,"17-Apr-19",8.793,6.52457294033865,35,0.00315782549072134,0.000540550099993814
"90","A190","2D",2,"Acer","13-Mar-19",8.428,5.80974340471186,"17-Apr-19",8.381,5.72149650851888,35,-0.000437314483728571,-0.000075272598678609
"91","A193","1D",1,"Acer","13-Mar-19",8.526,5.99651445571571,"17-Apr-19",9.225,7.43981076643928,35,0.00616191535783536,0.00102758284055532
"92","A195","1D",1,"Acer","13-Mar-19",7.545,4.29143236779569,"17-Apr-19",9.759,8.67863206749626,35,0.0201212387960698,0.00468869996578908
"93","A196","1D",1,"Acer","13-Mar-19",8.507,5.96001040544022,"17-Apr-19",8.74,6.41749756411458,35,0.0021130293496831,0.000354534506811322
"94","A197","1D",1,"Acer","13-Mar-19",9.078,7.11980402464018,"17-Apr-19",9.56,8.20280094042549,35,0.00404558496087062,0.000568215774882242
"95","A198","1D",1,"Acer","13-Mar-19",8.082,5.1799790487084,"17-Apr-19",7.875,4.82488215968741,35,-0.00202899142806657,-0.00039169877117022
"96","A199","1D",1,"Acer","13-Mar-19",8.039,5.10489570638997,"17-Apr-19",8.699,6.3354355889923,35,0.00617024425184314,0.00120869153979378
"97","A200","1D",1,"Acer","13-Mar-19",8.368,5.69723897090496,"17-Apr-19",8.007,5.04947053130646,35,-0.00344852211174791,-0.000605297079753729
"98","R003","2A",2,"Rhodo","12-Mar-19",8.067,5.1537081504495,"17-Apr-19",7.817,4.72824212393636,36,-0.00239341653759596,-0.000464406688878417
"99","R004","2A",2,"Rhodo","12-Mar-19",8.102,5.21513889026173,"17-Apr-19",9.384,7.79605465168682,36,0.011168113080665,0.0021414795110288
"100","R005","2A",2,"Rhodo","12-Mar-19",8.278,5.53109097240316,"17-Apr-19",7.596,4.3712932886283,36,-0.00653683795084678,-0.00118183519010295
"101","R006","2A",2,"Rhodo","12-Mar-19",8.243,5.46731865722157,"17-Apr-19",8.243,5.46731865722157,36,0,0
"102","R007","2A",2,"Rhodo","12-Mar-19",7.877,4.82823672869146,"17-Apr-19",8.542,6.02736450882263,36,0.00616190326382404,0.00127622227535103
"103","R009","2A",2,"Rhodo","12-Mar-19",8.032,5.09273862867087,"17-Apr-19",8.798,6.53473248576046,36,0.00692543565992978,0.00135986473386662
"104","R013","0C",0,"Rhodo","12-Mar-19",8.124,5.25398922756291,"17-Apr-19",7.653,4.46165844754591,36,-0.00454075263310833,-0.00086424856169996
"105","R014","0C",0,"Rhodo","12-Mar-19",7.618,4.40603204744098,"17-Apr-19",7.848,4.77974017297652,36,0.00226143516565555,0.000513258900821884
"106","R015","0C",0,"Rhodo","12-Mar-19",7.713,4.55805099084924,"17-Apr-19",7.878,4.8299145680992,36,0.00160926838534955,0.000353060636789785
"107","R016","0C",0,"Rhodo","12-Mar-19",7.757,4.6295718490898,"17-Apr-19",7.572,4.33359526503962,36,-0.00183519105217939,-0.000396406214656803
"108","R017","0C",0,"Rhodo","12-Mar-19",8.638,6.21458094365975,"17-Apr-19",8.713,6.36338140733667,36,0.000657266883361738,0.000105762060116426
"109","R018","0C",0,"Rhodo","12-Mar-19",7.967,4.98072812174126,"17-Apr-19",8.207,5.40221314903951,36,0.00225646173579054,0.000453038527829076
"110","R019","0C",0,"Rhodo","12-Mar-19",7.73,4.58560029052864,"17-Apr-19",8.128,5.26107259464023,36,0.00381705275789193,0.000832399798511852
"111","R020","0C",0,"Rhodo","12-Mar-19",7.676,4.49845441055681,"17-Apr-19",7.8,4.70015141520799,36,0.00121835696501676,0.000270839015764517
"112","R033","3D",3,"Rhodo","12-Mar-19",9.172,7.32340437981567,"17-Apr-19",8.866,6.67390023152396,36,-0.00257974632437344,-0.000352260532203244
"113","R035","3D",3,"Rhodo","12-Mar-19",8.224,5.43289573766467,"17-Apr-19",8.57,6.08159410069243,36,0.00313318256682662,0.000576705815483479
"114","R036","3D",3,"Rhodo","12-Mar-19",7.986,5.01330620561331,"17-Apr-19",8.862,6.66566233019056,36,0.00791315845391572,0.00157843110501718
"115","R038","3D",3,"Rhodo","12-Mar-19",7.43,4.11476753494219,"17-Apr-19",7.675,4.49685059650051,36,0.00246652621925595,0.000599432701437069
"116","R040","3D",3,"Rhodo","12-Mar-19",8.335,5.63595555966477,"17-Apr-19",9.238,7.46854139033927,36,0.00782036135611336,0.00138758392846137
"117","R043","0A",0,"Rhodo","12-Mar-19",7.981,5.0047199552893,"17-Apr-19",8.679,6.29564829756662,36,0.00637436639143505,0.00127367094430493
"118","R044","0A",0,"Rhodo","12-Mar-19",8.592,6.12441954600609,"17-Apr-19",8.784,6.50631103086764,36,0.00168024027057841,0.000274350941825033
"119","R045","0A",0,"Rhodo","12-Mar-19",8.119,5.24514353388673,"17-Apr-19",8.187,5.36625705773246,36,0.000634112456633961,0.000120895158070931
"120","R046","0A",0,"Rhodo","12-Mar-19",7.555,4.30701775564676,"17-Apr-19",8.151,5.301919578377,36,0.00577286697255303,0.00134033971998013
"121","R047","0A",0,"Rhodo","12-Mar-19",8.608,6.15568520533072,"17-Apr-19",8.645,6.22837452690594,36,0.000326091936505926,0.0000529741085888433
"122","R048","0A",0,"Rhodo","12-Mar-19",7.67,4.48883696951505,"17-Apr-19",8.492,5.9312912709129,36,0.00774023056111305,0.00172432873229282
"123","R049","0A",0,"Rhodo","12-Mar-19",7.991,5.02190179880593,"17-Apr-19",8.319,5.60639365420404,36,0.00305830455808601,0.000608993301862891
"124","R050","0A",0,"Rhodo","12-Mar-19",7.558,4.31170036588048,"17-Apr-19",8.235,5.45280797808203,36,0.00652217662689479,0.00151266926582059
"125","R053","0D",0,"Rhodo","12-Mar-19",7.968,4.98243939813094,"17-Apr-19",8.256,5.49095073549917,36,0.00269949461962674,0.000541801797055354
"126","R054","0D",0,"Rhodo","12-Mar-19",7.429,4.11325194916204,"17-Apr-19",7.55,4.29922057963249,36,0.00122832782113305,0.000298626934677144
"127","R055","0D",0,"Rhodo","12-Mar-19",8.845,6.63072325012018,"17-Apr-19",10.268,9.97437564592168,36,0.0113418189772774,0.00171049500174387
"128","R056","0D",0,"Rhodo","12-Mar-19",7.955,4.96022189381596,"17-Apr-19",8.17,5.33581409722884,36,0.00202752756288543,0.000408757431882876
"129","R057","0D",0,"Rhodo","12-Mar-19",7.67,4.48883696951505,"17-Apr-19",8.393,5.74394616764938,36,0.00684868940021711,0.00152571578044123
"130","R060","0D",0,"Rhodo","12-Mar-19",7.15,3.70411582068383,"17-Apr-19",7.807,4.71170531311081,36,0.00668348109313984,0.00180433912347427
"131","R063","2B",2,"Rhodo","12-Mar-19",7.262,3.86509224015351,"17-Apr-19",7.856,4.79308750595925,36,0.00597747860528547,0.00154652935399235
"132","R064","2B",2,"Rhodo","12-Mar-19",8.099,5.20985528919657,"17-Apr-19",8.162,5.32152601261599,36,0.000589111858465984,0.000113076434135819
"133","R067","2B",2,"Rhodo","12-Mar-19",8.355,5.67304680387985,"17-Apr-19",9.064,7.08979175534644,36,0.00619248999760108,0.00109156335416905
"134","R068","2B",2,"Rhodo","12-Mar-19",7.867,4.81147867607967,"17-Apr-19",7.856,4.79308750595925,36,-0.000106379913757017,-0.0000221096093152996
"135","R069","2B",2,"Rhodo","12-Mar-19",8.087,5.18875486008712,"17-Apr-19",7.896,4.86017897811584,36,-0.00181718036211431,-0.000350215111546781
"136","R070","2B",2,"Rhodo","12-Mar-19",8.579,6.09909055099347,"17-Apr-19",8.569,6.07965201945166,36,-0.0000886724823841013,-0.0000145386400878501
"137","R075","3A",3,"Rhodo","12-Mar-19",7.827,4.74481572173785,"17-Apr-19",9.63,8.3682388829783,36,0.0157608571975647,0.00332170059320915
"138","R076","3A",3,"Rhodo","12-Mar-19",7.94,4.93466456253652,"17-Apr-19",6.483,2.83321734900203,36,-0.0154131044753931,-0.00312343509473933
"139","R077","3A",3,"Rhodo","12-Mar-19",7.832,4.75311632659177,"17-Apr-19",7.678,4.50166312760743,36,-0.00150982109094345,-0.000317648672408166
"140","R078","3A",3,"Rhodo","12-Mar-19",8.192,5.37523179644237,"17-Apr-19",8.397,5.75144178956124,36,0.00187913531624995,0.000349591494360052
"141","R079","3A",3,"Rhodo","12-Mar-19",8.012,5.05810541161239,"17-Apr-19",8.263,5.50370250495194,36,0.00234525166301823,0.000463662077431998
"142","R084","2C",2,"Rhodo","12-Mar-19",7.165,3.7254234707684,"17-Apr-19",7.19,3.76110877954307,36,0.000264813147482464,0.0000710826969230009
"143","R085","2C",2,"Rhodo","12-Mar-19",8.419,5.79277867805557,"17-Apr-19",9.305,7.6177312432666,36,0.00760740283174407,0.00131325625481994
"144","R086","2C",2,"Rhodo","12-Mar-19",8.061,5.14322351743784,"17-Apr-19",9.448,7.94244444120216,36,0.0120705851567966,0.00234689103358465
"145","R087","2C",2,"Rhodo","12-Mar-19",8.356,5.67490542065909,"17-Apr-19",9.6,8.29708016529351,36,0.0105513824536504,0.00185930542828763
"146","R088","2C",2,"Rhodo","12-Mar-19",7.733,4.59047287221414,"17-Apr-19",8.043,5.11185086908964,36,0.00298829174726407,0.000650976888536261
"147","R089","2C",2,"Rhodo","12-Mar-19",7.801,4.70180086993369,"17-Apr-19",10.317,10.1051941217653,36,0.021252887833181,0.00452015906694081
"148","R090","2C",2,"Rhodo","12-Mar-19",6.93,3.40044523257932,"17-Apr-19",7.016,3.517192211794,36,0.000937684177580771,0.00027575335388346
"149","R093","1A",1,"Rhodo","12-Mar-19",7.402,4.07246495196896,"17-Apr-19",7.938,4.9312632470701,36,0.0053151871257317,0.00130515233118505
"150","R094","1A",1,"Rhodo","12-Mar-19",7.96,4.96875963073992,"17-Apr-19",8.36,5.68234375211029,36,0.00372759839879867,0.000750207028679223
"151","R095","1A",1,"Rhodo","12-Mar-19",7.36,4.00953029477644,"17-Apr-19",6.911,3.37498887370182,36,-0.00478561314854142,-0.0011935595435645
"152","R097","1A",1,"Rhodo","12-Mar-19",8.527,5.99843964126189,"17-Apr-19",8.99,6.93248913584999,36,0.00401998765990384,0.000670172228166016
"153","R098","1A",1,"Rhodo","12-Mar-19",7.191,3.7625406847213,"17-Apr-19",7.685,4.5129050747927,36,0.00505129565738177,0.00134252253481105
"154","R099","1A",1,"Rhodo","12-Mar-19",7.504,4.22790659816854,"17-Apr-19",7.766,4.64428825892591,36,0.00260919879612212,0.000617137284265547
"155","R100","1A",1,"Rhodo","12-Mar-19",8.411,5.7777253428101,"17-Apr-19",9.392,7.81425891732623,36,0.00838722403384973,0.00145164810305269
"156","R103","4C",4,"Rhodo","12-Mar-19",7.312,3.9383649117134,"17-Apr-19",7.649,4.45527871851308,36,0.0034256661637841,0.000869819389664873
"157","R105","4C",4,"Rhodo","12-Mar-19",7.893,4.85512657659084,"17-Apr-19",7.848,4.77974017297652,36,-0.00043469402454966,-0.0000895329952149038
"158","R107","4C",4,"Rhodo","12-Mar-19",7.415,4.09207093614785,"17-Apr-19",8.073,5.16420633762777,36,0.00646389571834735,0.00157961477677419
"159","R113","1B",1,"Rhodo","12-Mar-19",8.1,5.21161611190103,"17-Apr-19",8.351,5.66561620007469,36,0.00232015721829217,0.000445189585816567
"160","R114","1B",1,"Rhodo","12-Mar-19",7.038,3.54746037283589,"17-Apr-19",8.807,6.55304495604842,36,0.0170471628019109,0.00480545545552724
"161","R115","1B",1,"Rhodo","12-Mar-19",8.223,5.43108782602267,"17-Apr-19",8.002,5.04084501196954,36,-0.0020712700286255,-0.000381372957863278
"162","R116","1B",1,"Rhodo","12-Mar-19",7.718,4.56614279070245,"17-Apr-19",7.123,3.66595728251826,36,-0.00609942564478551,-0.00133579389089739
"163","R117","1B",1,"Rhodo","12-Mar-19",8.053,5.12926507817165,"17-Apr-19",9.23,7.45085268987656,36,0.0103712803209612,0.00202198173868957
"164","R118","1B",1,"Rhodo","12-Mar-19",7.683,4.50969127399862,"17-Apr-19",8.337,5.63965773728387,36,0.00621096336880923,0.00137724801797843
"165","R120","1B",1,"Rhodo","12-Mar-19",8.171,5.33760181763287,"17-Apr-19",8.257,5.49277126761835,36,0.000796012736515491,0.000149133030846521
"166","R123","1C",1,"Rhodo","12-Mar-19",7.592,4.36499589071013,"17-Apr-19",7.255,3.85490368002234,36,-0.00345197852491468,-0.000790832021689049
"167","R124","1C",1,"Rhodo","12-Mar-19",8.169,5.33402675686646,"17-Apr-19",8.909,6.76286599410286,36,0.00659278671665849,0.00123598681018456
"168","R125","1C",1,"Rhodo","12-Mar-19",8.639,6.21655026737787,"17-Apr-19",9.532,8.13721182505849,36,0.00747867945011478,0.001203027262461
"169","R126","1C",1,"Rhodo","12-Mar-19",8.265,5.5073493161668,"17-Apr-19",8.985,6.92194127223984,36,0.00635035614973493,0.00115306943234806
"170","R127","1C",1,"Rhodo","12-Mar-19",7.734,4.59209779596739,"17-Apr-19",8.738,6.41347898283365,36,0.00927958085863632,0.00202077161047949
"171","R129","1C",1,"Rhodo","12-Mar-19",7.366,4.01848289461624,"17-Apr-19",6.963,3.44494787441663,36,-0.00427765745680454,-0.00106449562409125
"172","R130","1C",1,"Rhodo","12-Mar-19",7.912,4.88718147449566,"17-Apr-19",6.876,3.32841286620081,36,-0.0106700049475299,-0.00218326350335312
"173","R134","3B",3,"Rhodo","12-Mar-19",9.099,7.16497340248099,"17-Apr-19",9.134,7.2406590581068,36,0.000291885645879163,0.0000407378547669267
"174","R137","3B",3,"Rhodo","12-Mar-19",7.419,4.09811557331912,"17-Apr-19",7.781,4.66888151904833,36,0.00362200799413348,0.000883822803269544
"175","R138","3B",3,"Rhodo","12-Mar-19",7.608,4.39022006821426,"17-Apr-19",7.722,4.57262279012275,36,0.00113076665842615,0.000257564914937417
"176","R140","3B",3,"Rhodo","12-Mar-19",8.034,5.09621020243107,"17-Apr-19",8.87,6.68214459116685,36,0.00752616157422489,0.00147681537363483
"177","R143","4B",4,"Rhodo","12-Mar-19",9.375,7.7756070504463,"17-Apr-19",9.493,8.04641167701568,36,0.000950964038866729,0.000122300938395819
"178","R146","4B",4,"Rhodo","12-Mar-19",8.466,5.88171978740952,"17-Apr-19",9.881,8.97881415902504,36,0.0117505172232021,0.00199780296374461
"179","R147","4B",4,"Rhodo","12-Mar-19",9.036,7.03000836314227,"17-Apr-19",8.846,6.63277526499695,36,-0.00161568296777458,-0.000229826606785487
"180","R153","0B",0,"Rhodo","13-Mar-19",8.15,5.30013945229083,"17-Apr-19",7.899,4.86523471509601,35,-0.00244623348111226,-0.000461541343040502
"181","R154","0B",0,"Rhodo","13-Mar-19",8.842,6.62456962299257,"17-Apr-19",8.815,6.5693500197336,35,-0.000239157461139853,-0.0000361015846689548
"182","R155","0B",0,"Rhodo","13-Mar-19",8.455,5.86082666508955,"17-Apr-19",7.494,4.21250362406747,35,-0.00943524305076156,-0.00160988263088606
"183","R156","0B",0,"Rhodo","13-Mar-19",10.407,10.3482988961246,"17-Apr-19",9.798,8.77388789964632,35,-0.00471548920295634,-0.000455677715756959
"184","R157","0B",0,"Rhodo","13-Mar-19",9.049,7.05772498353446,"17-Apr-19",7.913,4.88887228390518,35,-0.0104903171194197,-0.0014863595767607
"185","R158","0B",0,"Rhodo","13-Mar-19",8.902,6.74833222507434,"17-Apr-19",7.84,4.76641645243462,35,-0.00993430405329125,-0.00147211247489847
"186","R159","0B",0,"Rhodo","13-Mar-19",8.551,6.04476183579068,"17-Apr-19",7.985,5.01158820825697,35,-0.00535540606423508,-0.000885958158438275
"187","R160","0B",0,"Rhodo","13-Mar-19",8.419,5.79277867805557,"17-Apr-19",8.496,5.93894109952145,35,0.000711964716865181,0.000122905561636987
"188","R163","3C",3,"Rhodo","13-Mar-19",8.123,5.25221933203808,"17-Apr-19",8.182,5.35729183462993,35,0.000565939299282103,0.000107752411600544
"189","R165","3C",3,"Rhodo","13-Mar-19",8.581,6.10298298389363,"17-Apr-19",8.13,5.26461654964634,35,-0.00422198150134368,-0.000691789820238055
"190","R173","4A",4,"Rhodo","13-Mar-19",9.061,7.08337101975208,"17-Apr-19",8.208,5.40401495507567,35,-0.00773164970346007,-0.00109152120959078
"191","R185","2D",2,"Rhodo","13-Mar-19",9.749,8.65431371316519,"17-Apr-19",9.22,7.42877923367703,35,-0.00436275282574902,-0.000504113089766121
"192","R186","2D",2,"Rhodo","13-Mar-19",8.702,6.34141740804088,"17-Apr-19",8.84,6.62046921915732,35,0.00123039820185317,0.000194025739465287
"193","R187","2D",2,"Rhodo","13-Mar-19",7.384,4.04541677944431,"17-Apr-19",8.308,5.58612704558021,35,0.00922004656920122,0.00227913391175179
"194","R188","2D",2,"Rhodo","13-Mar-19",8.817,6.57343030430092,"17-Apr-19",8.081,5.17822501763157,35,-0.00681638502034991,-0.00103696011135769
"195","R189","2D",2,"Rhodo","13-Mar-19",8.281,5.53657902312357,"17-Apr-19",8.394,5.74581949155286,35,0.00105987829323918,0.000191431981520103
"196","R190","2D",2,"Rhodo","13-Mar-19",7.968,4.98243939813094,"17-Apr-19",8.228,5.44013120348805,35,0.00251095910795795,0.000503961796083237
"197","R193","1D",1,"Rhodo","13-Mar-19",7.114,3.65329345253574,"17-Apr-19",8.065,5.15021176712734,35,0.00981167877558106,0.0026857078148953
"198","R194","1D",1,"Rhodo","13-Mar-19",8.496,5.93894109952145,"17-Apr-19",8.75,6.43761444042644,35,0.00230363404502931,0.00038788632627034
"199","R196","1D",1,"Rhodo","13-Mar-19",7.866,4.80980490420342,"17-Apr-19",8.012,5.05810541161239,35,0.00143815616468721,0.000299005093414572
"200","R197","1D",1,"Rhodo","13-Mar-19",8.055,5.13275243116223,"17-Apr-19",7.044,3.55574391032474,35,-0.0104879357928073,-0.00204333560472007
"201","R198","1D",1,"Rhodo","13-Mar-19",8.419,5.79277867805557,"17-Apr-19",8.149,5.29835970556043,35,-0.00254899437656415,-0.000440029650402552
"202","R199","1D",1,"Rhodo","13-Mar-19",7.809,4.71500973398276,"17-Apr-19",7.994,5.02706364109174,35,0.00183100182659203,0.000388334686436668
